kode,nama,link_profil,alamat,kabupaten,kota,provinsi
10110338,SMA Negeri 4 KUALA,https://sekolah.data.kemdikbud.go.id/index.php/Chome/profil/CCD5D44E-9F29-45EB-90F4-1C50BCE2750F,JL. Kuala Tuha - Lamie Km. 10 Gp. Kuala ... Kuala Tadu Kec. Tadu Raya Kab. Nagan Raya Prov. Aceh,Kab. Nagan Raya,,Aceh
10507235,SMAS MEGATAMA,https://sekolah.data.kemdikbud.go.id/index.php/Chome/profil/2FE33B6C-8B27-486B-9527-1C553BE7EE9C,JL. Megatama RT. 24 Kelurahan Bakung Jay... Bakung Jaya Kec. Paal Merah Kota Jambi Prov. Jambi,,Kota Jambi,Jambi
10214164,SMAS GALIH AGUNG KUTALIMBARU,https://sekolah.data.kemdikbud.go.id/index.php/Chome/profil/C742533B-AB21-43A7-B5F4-1C581C522027,JL. BERDIKARI DS. LAU BEKERI Lau Bakeri Kec. KutaIimbaru Kab. Deli Serdang Prov. Sumatera Utara,Kab. Deli Serdang,,Sumatera Utara
20606834,SMAS SETIA BHAKTI,https://sekolah.data.kemdikbud.go.id/index.php/Chome/profil/ED2F2022-16A9-4748-86E9-1C5A45712FFD,JL. KISAMAUN NO. 171 Sukasari Kec. Tangerang Kota Tangerang Prov. Banten,,Kota Tangerang,Banten
69786255,SMAS DARUS SUADA AL AHAD,https://sekolah.data.kemdikbud.go.id/index.php/Chome/profil/6A15F91A-47F2-4860-9003-1C5E7517D3F1,Jl. Bunten Timur Bunten Timur Kec. Ketapang Kab. Sampang Prov. Jawa Timur,Kab. Sampang,,Jawa Timur
69964619,SMA TARUNA NUSANTARA INDONESIA,https://sekolah.data.kemdikbud.go.id/index.php/Chome/profil/4DA1E9D3-7505-4FC3-9774-1C6452100597,JL. Raya Purwakarta Kp Warga Saluyu Cika... Cisomang Barat Kec. Cikalongwetan Kab. Bandung Barat Prov. Jawa Barat,Kab. Bandung Barat,,Jawa Barat
70043878,SMAIT AN-NIDA,https://sekolah.data.kemdikbud.go.id/index.php/Chome/profil/26E443CF-61BF-41F4-ACEC-1C660964CBD9,Jalan Sadewa Rt.004 Marga Mulya Kec. Lubuk Linggau Selatan II Kota Lubuk Linggau Prov. Sumatera Selatan,,Kota Lubuk Linggau,Sumatera Selatan
10210887,SMA SWASTA NURANI BELAWAN,https://sekolah.data.kemdikbud.go.id/index.php/Chome/profil/373739EA-EADF-4FB5-9090-1C6B4AA970A2,JL. KAKAP 2 BELAWAN Belawan Bahagia Kec. Medan Kota Belawan Kota Medan Prov. Sumatera Utara,,Kota Medan,Sumatera Utara
69929246,SMA NURUL FALAH CINANGSI,https://sekolah.data.kemdikbud.go.id/index.php/Chome/profil/0273A088-245E-4FBC-BE3E-1C6E7276A9F8,Kp. Cinangsi RT 05/05 Depok Kec. Pakenjeng Kab. Garut Prov. Jawa Barat,Kab. Garut,,Jawa Barat
69964653,SMAN 2 CIKARANG BARAT,https://sekolah.data.kemdikbud.go.id/index.php/Chome/profil/65DB7245-2AD9-4680-8112-1C6E99591408,Perumahan Metland Cibitung Cikarang Bara... Telagamurni Kec. Cikarang Barat Kab. Bekasi Prov. Jawa Barat,Kab. Bekasi,,Jawa Barat
40311933,SMAS COKROAMINOTO TAMALANREA,https://sekolah.data.kemdikbud.go.id/index.php/Chome/profil/42F8B44F-9F00-4833-873D-1C702CDF0D49,JL. PERINTIS KEMERDEKAAN Tamalanrea Kec. Tamalanrea Kota Makassar Prov. Sulawesi Selatan,,Kota Makassar,Sulawesi Selatan
40314217,SMAN 14 BULUKUMBA,https://sekolah.data.kemdikbud.go.id/index.php/Chome/profil/E46478E1-3F80-42A2-BF74-1C710F42170C,JL. PELANTIKAN DESA SALASSAE Salassae Kec. Bulukumpa Kab. Bulukumba Prov. Sulawesi Selatan,Kab. Bulukumba,,Sulawesi Selatan
20232335,SMAS FATHAN MUBINA,https://sekolah.data.kemdikbud.go.id/index.php/Chome/profil/02DF37C8-E63E-4014-8A09-1C742489983E,JL. VETERAN III (RAYA TAPOS) NO. 23 A DS... Banjar Sari Kec. Ciawi Kab. Bogor Prov. Jawa Barat,Kab. Bogor,,Jawa Barat
40103090,SMAN 1 BITUNG,https://sekolah.data.kemdikbud.go.id/index.php/Chome/profil/8EA782EE-388D-4CA9-A6C1-1C770A2553A5,JL. WOLTER MONGINSIDI Girian Weru Satu Kec. Girian Kota Bitung Prov. Sulawesi Utara,,Kota Bitung,Sulawesi Utara
30101075,SMAS INDONESIA MUDA SUNGAI RAYA,https://sekolah.data.kemdikbud.go.id/index.php/Chome/profil/5258BA80-2BDC-457D-B19F-1C7EABFED88B,"JL. ADISUCIPTO 14,5 Arang Limbung Kec. Sungai Raya Kab. Kubu Raya Prov. Kalimantan Barat",Kab. Kubu Raya,,Kalimantan Barat
50101682,SMAS KATOLIK SOVERDI TUBAN,https://sekolah.data.kemdikbud.go.id/index.php/Chome/profil/DD018E66-0DE3-47B0-9C9F-1C8ED15B5CFA,JL. KOMPLEK BURUNG 46 Tuban Kec. Kuta Kab. Badung Prov. Bali,Kab. Badung,,Bali
70041334,SMA NEGERI IV WONDAMA,https://sekolah.data.kemdikbud.go.id/index.php/Chome/profil/3D8597E1-8FA4-4F5E-A5A5-1C8F969D68A9,KAMPUNG YEMBEKIRI II YEMBEKIRI II Kec. Rumberpon Kab. Teluk Wondama Prov. Papua Barat,Kab. Teluk Wondama,,Papua Barat
10107963,SMA NEGERI 3 KUALA,https://sekolah.data.kemdikbud.go.id/index.php/Chome/profil/B164AD9D-05DF-48EA-B136-1C9911EA81CF,"Jln.Keuchik Intan Padang Panyang,Kec.Kua... Padang Panyang Kec. Kuala Pesisir Kab. Nagan Raya Prov. Aceh",Kab. Nagan Raya,,Aceh
20552151,SMA TERPADU ABUL FAIDL,https://sekolah.data.kemdikbud.go.id/index.php/Chome/profil/993A241B-86D7-418A-BE52-1C9BBA41750E,JL.MASJID SUNAN AMPEL NO.1 WONODADI Wonodadi Kec. Wonodadi Kab. Blitar Prov. Jawa Timur,Kab. Blitar,,Jawa Timur
10610275,SMAN 1 MUARADUA,https://sekolah.data.kemdikbud.go.id/index.php/Chome/profil/065940E6-14D7-4CDC-99B2-1C9D9C8C3107,JL. SUMBER JAYA Batu Belang Jaya Kec. Muaradua Kab. Ogan Komering Ulu Selatan Prov. Sumatera Selatan,Kab. Ogan Komering Ulu Selatan,,Sumatera Selatan
69965530,SMA ISLAM AN-NUR,https://sekolah.data.kemdikbud.go.id/index.php/Chome/profil/7F9089E6-9A6E-4802-8AD6-1C9E32969C18,JL. RAYA SUNGAI BEREMBANG Sungai Rengas Kec. Sungai Kakap Kab. Kubu Raya Prov. Kalimantan Barat,Kab. Kubu Raya,,Kalimantan Barat
40401536,SMAN 1 TIRAWUTA,https://sekolah.data.kemdikbud.go.id/index.php/Chome/profil/F6EC158B-5554-404F-9AA5-1CA0BE19C13B,JL.PENDIDIKAN NO 1 RATE-RATE KEC. TIRAWUTA Kab. Kolaka Timur Prov. Sulawesi Tenggara,Kab. Kolaka Timur,,Sulawesi Tenggara
20306175,SMA NEGERI 3 PURWOREJO,https://sekolah.data.kemdikbud.go.id/index.php/Chome/profil/DEBADADA-7575-4009-9DA7-1CA4F4A111B6,JL. YOGYAKARTA KM. 8 PURWOREJO Keduren Kec. Purwodadi Kab. Purworejo Prov. Jawa Tengah,Kab. Purworejo,,Jawa Tengah
20520021,SMAN 1 LECES,https://sekolah.data.kemdikbud.go.id/index.php/Chome/profil/37CBBB0E-B7D0-455F-AEA3-1CADB7A681AD,JL. RAYA LECES - PROBOLINGGO Malasan Kulon Kec. Leces Kab. Probolinggo Prov. Jawa Timur,Kab. Probolinggo,,Jawa Timur
69987588,SMA Santa Laurensia Suvarna Sutera,https://sekolah.data.kemdikbud.go.id/index.php/Chome/profil/BCF866CF-1611-4DC1-A30F-1CAF6F831EBF,Jl. Suvarna Utama Kav. 28 Wana Kerta Kec. Sindang Jaya Kab. Tangerang Prov. Banten,Kab. Tangerang,,Banten
70010573,SMA NEGERI 4 LASALIMU,https://sekolah.data.kemdikbud.go.id/index.php/Chome/profil/EBA3236B-B855-4E89-9D8B-1CB877FC0693,JLN POROS KAMARU-BAUBAU Togo Mangura Kec. Lasalimu Kab. Buton Prov. Sulawesi Tenggara,Kab. Buton,,Sulawesi Tenggara
69907803,SMA SUKMA ALMUBARAKAH,https://sekolah.data.kemdikbud.go.id/index.php/Chome/profil/11344D80-82C9-4FEC-977A-1CB8DE1F21AC,Jln. Exxon Mobil Simpang Rumah Cut Mutia Kunyet Mule Kec. Matangkuli Kab. Aceh Utara Prov. Aceh,Kab. Aceh Utara,,Aceh
10107492,SMAS BINA BANGSA,https://sekolah.data.kemdikbud.go.id/index.php/Chome/profil/11B9E489-4BBB-415F-8EA5-1CBA6AA3172D,COT GEUNDRET COT SURUY Kec. Ingin Jaya Kab. Aceh Besar Prov. Aceh,Kab. Aceh Besar,,Aceh
10201338,SMAN 1 SECANGGANG,https://sekolah.data.kemdikbud.go.id/index.php/Chome/profil/79B10809-11A2-463D-9AC9-1CBDC5032B12,JL. BESAR SECANGGANG Secanggang Kec. Secanggang Kab. Langkat Prov. Sumatera Utara,Kab. Langkat,,Sumatera Utara
69822771,SMA Negeri 45 Maluku Tengah,https://sekolah.data.kemdikbud.go.id/index.php/Chome/profil/CA46196B-609A-45AF-9C7F-1CBE2F559328,Jln. Lala Ela - Assilulu Asilulu Kec. Leihitu Kab. Maluku Tengah Prov. Maluku,Kab. Maluku Tengah,,Maluku
20552091,SMA SABILUL HUDA,https://sekolah.data.kemdikbud.go.id/index.php/Chome/profil/AE0BA265-892A-4258-B864-1CC7ECEA9309,DESA LANCAR Lancar Kec. Larangan Kab. Pamekasan Prov. Jawa Timur,Kab. Pamekasan,,Jawa Timur
69918594,SMA IT DHIAUL FIKRI SUKARARA,https://sekolah.data.kemdikbud.go.id/index.php/Chome/profil/43397D78-F803-487F-AB9D-1CCCCA81A684,Jl. Tarbiatul Fikri Dusun Elah Langgem Sukarara Kec. Sakra Barat Kab. Lombok Timur Prov. Nusa Tenggara Barat,Kab. Lombok Timur,,Nusa Tenggara Barat
40202945,SMAN 1 TORUE,https://sekolah.data.kemdikbud.go.id/index.php/Chome/profil/8DBDFE61-ED95-425C-B503-1CCE62A26D50,JL.GUNUNG SARI Tolai Barat Kec. Torue Kab. Parigi Moutong Prov. Sulawesi Tengah,Kab. Parigi Moutong,,Sulawesi Tengah
60201929,SMA NEGERI 2 PULAU MOROTAI,https://sekolah.data.kemdikbud.go.id/index.php/Chome/profil/45CF2070-0149-4990-B621-1CCF3F659063,JL. SISWA Daeo Kec. Morotai Selatan Kab. Pulau Morotai Prov. Maluku Utara,Kab. Pulau Morotai,,Maluku Utara
69942299,SMAS PESANTREN TERPADU ROUDLOTUL HUDA,https://sekolah.data.kemdikbud.go.id/index.php/Chome/profil/9183974B-0E38-4D5D-AC49-1CCFF36A0076,Dusun Karangsari Blimbingsari Kec. Sooko Kab. Mojokerto Prov. Jawa Timur,Kab. Mojokerto,,Jawa Timur
20238027,SMAS YADIKA 8,https://sekolah.data.kemdikbud.go.id/index.php/Chome/profil/CE05E7CE-98CD-4974-8832-1CDAB5F89ADF,JL. H.  JAMPANG NO. 91 JATIMULYA TAMBUN ... Jatimulya Kec. Tambun Selatan Kab. Bekasi Prov. Jawa Barat,Kab. Bekasi,,Jawa Barat
10105273,SMAN 1 SABANG,https://sekolah.data.kemdikbud.go.id/index.php/Chome/profil/C7FAAE9D-AEE6-422A-AB47-1CDE7E14665B,JL. T.NYAK ARIEF IE MEULEE Kec. Sukajaya Kota Sabang Prov. Aceh,,Kota Sabang,Aceh
40306542,SMAN 1 TANA TORAJA,https://sekolah.data.kemdikbud.go.id/index.php/Chome/profil/55513061-602D-442C-8977-1CE369B85AF0,JL. TRITURA NO. 65A MAKALE KELURAHAN KAMALI PENTALLUAN Kec. Makale Kab. Tana Toraja Prov. Sulawesi Selatan,Kab. Tana Toraja,,Sulawesi Selatan
10809266,SMAS PGRI TUMIJAJAR,https://sekolah.data.kemdikbud.go.id/index.php/Chome/profil/7210DCD1-3182-4145-AA1A-1CE52D887F54,DAYAASRI Daya Asri Kec. Tumijajar Kab. Tulang Bawang Barat Prov. Lampung,Kab. Tulang Bawang Barat,,Lampung
69971482,SMAS IT AL IZZAH,https://sekolah.data.kemdikbud.go.id/index.php/Chome/profil/60DB5AC9-7AB9-450F-845F-1CEA1CD4C683,Pelawad Rt.03/02 Ciruas Pelawad Kec. Ciruas Kab. Serang Prov. Banten,Kab. Serang,,Banten
70050867,SMA Negeri 3 Sisir II,https://sekolah.data.kemdikbud.go.id/index.php/Chome/profil/43DE9267-62B5-4D7D-98BA-1CEBE2B93979,Kampung Sisir 2 Sisir Kec. Kaimana Kab. Kaimana Prov. Papua Barat,Kab. Kaimana,,Papua Barat
10102529,SMA NEGERI 3 MEULABOH,https://sekolah.data.kemdikbud.go.id/index.php/Chome/profil/F3B2E6A7-7650-4542-83A2-1CEDAD7622A8,JL. BAKTI PEMUDA GIP LAPANG Lapang Kec. Johan Pahlawan Kab. Aceh Barat Prov. Aceh,Kab. Aceh Barat,,Aceh
30304260,SMAN 7 BANJARMASIN,https://sekolah.data.kemdikbud.go.id/index.php/Chome/profil/4FB6BE39-8277-4BA5-BD6E-1CF2D5F41D84,JL. DHARMA PRAJA V NO. 47 Pemurus Luar Kec. Banjarmasin Timur Kota Banjarmasin Prov. Kalimantan Selatan,,Kota Banjarmasin,Kalimantan Selatan
20322737,SMAS BHAKTI PRAJA LIMPUNG,https://sekolah.data.kemdikbud.go.id/index.php/Chome/profil/4E484213-E19B-47F5-B837-1CF6FD51F368,JL. BANYUPUTIH-LIMPUNG Pungangan Kec. Limpung Kab. Batang Prov. Jawa Tengah,Kab. Batang,,Jawa Tengah
69915817,SMAN 1 TEGALWARU,https://sekolah.data.kemdikbud.go.id/index.php/Chome/profil/646BBEA9-3626-44EE-B0C7-1CF9F8DAB61C,Jl. Pangkalan-Purwakarta Cintalanggeng Kec. Tegalwaru Kab. Karawang Prov. Jawa Barat,Kab. Karawang,,Jawa Barat
20311315,SMAS MUHAMMADIYAH 1 WONOGIRI,https://sekolah.data.kemdikbud.go.id/index.php/Chome/profil/C2D964AE-A8A3-4776-B361-1CFEAA640642,JL. PERWAKILAN NO1 RT 02 RW 09 GIRIPURWO... Giripurwo Kec. Wonogiri Kab. Wonogiri Prov. Jawa Tengah,Kab. Wonogiri,,Jawa Tengah
40300589,SMAN 2 PANGKAJENE DAN KEPULAUAN,https://sekolah.data.kemdikbud.go.id/index.php/Chome/profil/20F78F42-09FD-49A5-942B-1D03E28A46A2,JL. AS.DG. KALEBBU NO.2 Segeri Kec. Segeri Kab. Pangkajene Dan Kepulauan Prov. Sulawesi Selatan,Kab. Pangkajene Dan Kepulauan,,Sulawesi Selatan
10101903,SMAS PLUS NURUL ULUM,https://sekolah.data.kemdikbud.go.id/index.php/Chome/profil/2227FDBF-8C1F-420D-899F-1D062FC3B81A,JL. MEDAN - B.ACEH KM. 394 Cot Keh Kec. Peureulak Kab. Aceh Timur Prov. Aceh,Kab. Aceh Timur,,Aceh
20103283,SMAN 21 JAKARTA,https://sekolah.data.kemdikbud.go.id/index.php/Chome/profil/75CE7CC8-BDCC-440D-9A12-1D08CF42A54B,JL. TANAH MAS RAYA NO.1 Kayu Putih Kec. Pulo Gadung Kota Adm. Jakarta Timur Prov. D.K.I. Jakarta,,Kota Adm. Jakarta Timur,D.K.I. Jakarta
70042824,SMA ISLAM AN NUR SANDAI,https://sekolah.data.kemdikbud.go.id/index.php/Chome/profil/13B3C0D8-B14C-4147-966A-1D0F2E3C106D,Jl. Bina Desa Indralaya Sandai Kec. Sandai Kab. Ketapang Prov. Kalimantan Barat,Kab. Ketapang,,Kalimantan Barat
30102907,SMAN 1 EMBALOH HULU,https://sekolah.data.kemdikbud.go.id/index.php/Chome/profil/5D09D1FC-1EF1-4005-8390-1D18ECA663D8,JL. TAMANGGUNG L. KASSO Benua Martinus Kec. Embaloh Hulu Kab. Kapuas Hulu Prov. Kalimantan Barat,Kab. Kapuas Hulu,,Kalimantan Barat
20525838,SMAS PGRI 6 GENTENG,https://sekolah.data.kemdikbud.go.id/index.php/Chome/profil/409E4548-DE31-4A8F-9BBB-1D18F3178E6B,Jalan KH Wahid Hasyim Genteng Kulon Kec. Genteng Kab. Banyuwangi Prov. Jawa Timur,Kab. Banyuwangi,,Jawa Timur
10600901,SMAN 1 UJAN MAS,https://sekolah.data.kemdikbud.go.id/index.php/Chome/profil/78466CAE-F387-40AD-8982-1D19D481F847,JL. LINTAS SUMATERA UJAN MAS Ujan Mas Baru Kec. Ujan Mas Kab. Muara Enim Prov. Sumatera Selatan,Kab. Muara Enim,,Sumatera Selatan
10700978,SMAS KARYA BENGKULU SELATAN,https://sekolah.data.kemdikbud.go.id/index.php/Chome/profil/D32AB6F4-C698-4422-B8CE-1D26B20CCBF3,JL.TKR. SEBANIS PASAR BARU Kec. Kota Manna Kab. Bengkulu Selatan Prov. Bengkulu,Kab. Bengkulu Selatan,,Bengkulu
10703495,SMA NEGERI 10 MUKOMUKO,https://sekolah.data.kemdikbud.go.id/index.php/Chome/profil/24678B3C-9AFD-452D-8FF6-1D27780AE1D4,JLN. TELUK BERINGIN Penarik Kec. Penarik Kab. Mukomuko Prov. Bengkulu,Kab. Mukomuko,,Bengkulu
10494511,SMAS ISLAM DARUL HUDA LIRIK,https://sekolah.data.kemdikbud.go.id/index.php/Chome/profil/15AF2945-E411-402D-8161-1D2B7152A857,JALAN PESANTREN LIRIK Sungai Sagu Kec. Lirik Kab. Indragiri Hulu Prov. Riau,Kab. Indragiri Hulu,,Riau
69900407,SMA NEGERI 5 PASARWAJO,https://sekolah.data.kemdikbud.go.id/index.php/Chome/profil/518431A7-43EE-4393-98C5-1D2D302AC9C9,Jalan Poros Baubau Pasarwajo-Buton Km 25 Waangu-Angu Kec. Pasar Wajo Kab. Buton Prov. Sulawesi Tenggara,Kab. Buton,,Sulawesi Tenggara
10810747,SMAN 1 KEDONDONG,https://sekolah.data.kemdikbud.go.id/index.php/Chome/profil/DD27ED80-3A38-4701-B57A-1D2E39E1338C,JL. TRITURA  NO. 8 Kedondong Kec. Kedondong Kab. Pesawaran Prov. Lampung,Kab. Pesawaran,,Lampung
10107310,SMAS LAB SCHOOL,https://sekolah.data.kemdikbud.go.id/index.php/Chome/profil/88E47758-9EC2-489E-BC7E-1D347A66E37A,JL. KUTA INONG BALE Kopelma Darussalam Kec. Syiah Kuala Kota Banda Aceh Prov. Aceh,,Kota Banda Aceh,Aceh
30204092,SMAN 1 ANTANG KALANG,https://sekolah.data.kemdikbud.go.id/index.php/Chome/profil/885CD0D9-6F09-4D07-A59C-1D3519201FB5,"JL.PASAR DESA,TB KALANG Tumbang Kalang Kec. Antang Kalang Kab. Kotawaringin Timur Prov. Kalimantan Tengah",Kab. Kotawaringin Timur,,Kalimantan Tengah
10258026,SMAS MUHAMMADIAH 19,https://sekolah.data.kemdikbud.go.id/index.php/Chome/profil/730BCF27-6C34-4010-87D7-1D35E757595D,Jalan Kesehatan Stabat Baru Kec. Stabat Kab. Langkat Prov. Sumatera Utara,Kab. Langkat,,Sumatera Utara
20223022,SMAS YASFI,https://sekolah.data.kemdikbud.go.id/index.php/Chome/profil/E9CD8872-7675-439B-8A56-1D3CDC4226F5,JL. RAYA KP. SAWAH JATIMURNI Jatimurni Kec. Pondok Melati Kota Bekasi Prov. Jawa Barat,,Kota Bekasi,Jawa Barat
20252077,SMA INTERNATIONAL ISLAMIC SCHOOL OF INDONESIA,https://sekolah.data.kemdikbud.go.id/index.php/Chome/profil/29D765C7-8404-4FD4-9890-1D419DF0129D,KP. HAMBALANG RT/RW 05/02 Hambalang Kec. Citeureup Kab. Bogor Prov. Jawa Barat,Kab. Bogor,,Jawa Barat
60724601,SMAN 7 HALMAHERA UTARA,https://sekolah.data.kemdikbud.go.id/index.php/Chome/profil/8D2DFB28-2AB8-40BC-B3C7-1D4F2F3E5195,Jln. Poros Galela-Loloda Salimuli Kec. Galela Utara Kab. halmahera Utara Prov. Maluku Utara,Kab. halmahera Utara,,Maluku Utara
60302457,SMA NEGERI 2 DEIYAI,https://sekolah.data.kemdikbud.go.id/index.php/Chome/profil/EC0E48A9-0049-433B-B74A-1D558DBD7669,Widimei Widimei Kec. Tigi Barat Kab. Deiyai Prov. Papua Tengah,Kab. Deiyai,,Papua Tengah
20508471,SMAN 1 KARANGJATI,https://sekolah.data.kemdikbud.go.id/index.php/Chome/profil/3B104591-D9D4-46DC-A1B8-1D58513584D9,JL. RAYA CARUBAN NGAWI SIDOKERTO Kec. Karangjati Kab. Ngawi Prov. Jawa Timur,Kab. Ngawi,,Jawa Timur
69786424,SMAN 1 TANJUNG HARAPAN,https://sekolah.data.kemdikbud.go.id/index.php/Chome/profil/CEBEA1B7-2243-494D-B30D-1D5DC5C86BCF,Jalan M. Dachri Tanjung Aru RT V Tanjung Aru Kec. Tanjung Harapan Kab. Paser Prov. Kalimantan Timur,Kab. Paser,,Kalimantan Timur
10101174,SMA NEGERI 1 LHOKSUKON,https://sekolah.data.kemdikbud.go.id/index.php/Chome/profil/693E0210-99C1-46D2-94F1-1D62BDAD76E4,JL. BANDA ACEH - MEDAN LHOKSUKON Alue Buket Kec. Lhoksukon Kab. Aceh Utara Prov. Aceh,Kab. Aceh Utara,,Aceh
10703504,SMA NEGERI 12 MUKOMUKO,https://sekolah.data.kemdikbud.go.id/index.php/Chome/profil/DCE99689-52AC-4D25-B892-1D64A0706876,Jl. Lintas Bengkulu - Padang Dusun Baru V Koto Kec. Air Dikit Kab. Mukomuko Prov. Bengkulu,Kab. Mukomuko,,Bengkulu
20306201,SMAS MUHAMMADIYAH KALIGESING,https://sekolah.data.kemdikbud.go.id/index.php/Chome/profil/EEB12D5D-8448-4C75-A97A-1D6D3C466E4C,DS. PANDANREJO KALIGESING PURWOREJO Pandanrejo Kec. Kaligesing Kab. Purworejo Prov. Jawa Tengah,Kab. Purworejo,,Jawa Tengah
20549280,SMAS MARDI UTOMO,https://sekolah.data.kemdikbud.go.id/index.php/Chome/profil/0222B7BC-A5AA-402D-85B7-1D70E6EE5F16,"JL. RAYA TAROKAN KALIRONG, TAROKAN Kalirong Kec. Tarokan Kab. Kediri Prov. Jawa Timur",Kab. Kediri,,Jawa Timur
69986555,SMAN 2 JONGGOL,https://sekolah.data.kemdikbud.go.id/index.php/Chome/profil/2803E1B7-28BC-403D-AD60-1D716AE7780A,Jl. Irigasi Kp. Bengkok RT 002/009 Jonggol Kec. Jonggol Kab. Bogor Prov. Jawa Barat,Kab. Bogor,,Jawa Barat
69907337,SMA IT ASSYIFA,https://sekolah.data.kemdikbud.go.id/index.php/Chome/profil/F386F85B-DC00-4F66-9553-1D74A07B0FA6,cisurupan Sirnagalih Kec. Cisurupan Kab. Garut Prov. Jawa Barat,Kab. Garut,,Jawa Barat
70053673,SMA NUR IHSAN,https://sekolah.data.kemdikbud.go.id/index.php/Chome/profil/58A6ADEB-B9FB-4451-ADC5-1D7819B6F5FB,Jl. Lando - Sumber KM. 02 RT 01 RW 01 Pranti Kec. Sulang Kab. Rembang Prov. Jawa Tengah,Kab. Rembang,,Jawa Tengah
40102630,SMAS MUHAMMADIYAH MANADO,https://sekolah.data.kemdikbud.go.id/index.php/Chome/profil/FB48359E-1AB9-410A-9FE8-1D7C23A68562,JL ARI LASUT NO. 14 Ternate Tanjung Kec. Singkil Kota Manado Prov. Sulawesi Utara,,Kota Manado,Sulawesi Utara
69959292,SMA NEGERI 2 LUBUK DALAM,https://sekolah.data.kemdikbud.go.id/index.php/Chome/profil/81D5C7B0-2F15-47B6-9120-1D812F77D677,"JL.HInduk Palas, Kampung Sialang Palas, ... Sialang Palas Kec. Lubuk Dalam Kab. Siak Prov. Riau",Kab. Siak,,Riau
20613470,SMAN 1 KABUPATEN TANGERANG,https://sekolah.data.kemdikbud.go.id/index.php/Chome/profil/841B8F63-853B-477A-8BB0-1D833A6650CD,JL. RAYA SERANG KM. 23 BALARAJA Talagasari Kec. Balaraja Kab. Tangerang Prov. Banten,Kab. Tangerang,,Banten
20220325,SMAS BUDI MULIA,https://sekolah.data.kemdikbud.go.id/index.php/Chome/profil/22B16BB2-A597-4CC4-95A5-1D892521FC7C,JL. KAPTEN MUSLIHAT Paledang Kec. Kota Bogor Tengah Kota Bogor Prov. Jawa Barat,,Kota Bogor,Jawa Barat
10210742,SMAS NASRANI 2 MEDAN,https://sekolah.data.kemdikbud.go.id/index.php/Chome/profil/75EE9484-9DD5-4E5C-AACA-1D8D996FF5A0,JL. PENDIDIKAN NO. 88 Tegal Rejo Kec. Medan Perjuangan Kota Medan Prov. Sumatera Utara,,Kota Medan,Sumatera Utara
20227442,SMAS MUHAMMADIYAH BANYURESMI,https://sekolah.data.kemdikbud.go.id/index.php/Chome/profil/9D12C098-6C2F-4D3F-814E-1D91A566DC0A,JL. KH HASAN ARIEF NO. 10 Banyuresmi Kec. Banyuresmi Kab. Garut Prov. Jawa Barat,Kab. Garut,,Jawa Barat
70055454,Sekolah Rakyat Menengah Atas 40 Ambon,https://sekolah.data.kemdikbud.go.id/index.php/Chome/profil/DE1AB7B7-AF6A-4C09-8C7B-1D98714065ED,"Jl. Wolter Monginsidi Kel. Lateri,  Kec.... Lateri Kec. Baguala Kota Ambon Prov. Maluku",,Kota Ambon,Maluku
10101190,SMA NEGERI 1 SYAMTALIRA ARON,https://sekolah.data.kemdikbud.go.id/index.php/Chome/profil/FE77D691-2D9E-43B6-B767-1D996F81F5B6,JL. BANDA ACEH - MEDAN KM. 287 Meucat Kec. Syamtalira Aron Kab. Aceh Utara Prov. Aceh,Kab. Aceh Utara,,Aceh
20103230,SMAS ISLAM PB SOEDIRMAN,https://sekolah.data.kemdikbud.go.id/index.php/Chome/profil/A84CD10E-D147-4100-BE25-1D99C7D3D190,JL. RAYA BOGOR KM 24 Cijantung Kec. Pasar Rebo Kota Adm. Jakarta Timur Prov. D.K.I. Jakarta,,Kota Adm. Jakarta Timur,D.K.I. Jakarta
10404013,SMA NEGERI 2 PEKANBARU,https://sekolah.data.kemdikbud.go.id/index.php/Chome/profil/08CC2DCD-FB81-4955-BBD2-1D9AB43CCB82,JL. Nusa Indah No. 4 Labuh Baru Timur Kec. Payung Sekaki Kota Pekanbaru Prov. Riau,,Kota Pekanbaru,Riau
10600902,SMAN 1 TANJUNG AGUNG,https://sekolah.data.kemdikbud.go.id/index.php/Chome/profil/9EB73931-724F-4D65-A9BF-1D9D75604D00,JL. LIBERTY SIMANJUNTAK NO. 14 Tanjung Agung Kec. Tanjung Agung Kab. Muara Enim Prov. Sumatera Selatan,Kab. Muara Enim,,Sumatera Selatan
30302136,SMAN 2 BARABAI,https://sekolah.data.kemdikbud.go.id/index.php/Chome/profil/36E48FA2-5FC0-4172-AB10-1DA5D3D9BAAB,JL. RAYA PANTAI HAMBAWANG PANTAI HAMBAWANG TIMUR Kec. Labuan Amas Selatan Kab. Hulu Sungai Tengah Prov. Kalimantan Selatan,Kab. Hulu Sungai Tengah,,Kalimantan Selatan
10647925,SMA PGRI ALAI,https://sekolah.data.kemdikbud.go.id/index.php/Chome/profil/2514A831-1790-4F70-A59A-1DA83EB1B2C8,DESA ALAI SELATAN Alai Kec. Lembak Kab. Muara Enim Prov. Sumatera Selatan,Kab. Muara Enim,,Sumatera Selatan
20101630,SMAS 2 YADIKA,https://sekolah.data.kemdikbud.go.id/index.php/Chome/profil/CC4D6DAD-29EF-443C-9823-1DAB116133D3,JL. KAMAL RAYA NO. 42 Tegal Alur Kec. Kali Deres Kota Adm. Jakarta Barat Prov. D.K.I. Jakarta,,Kota Adm. Jakarta Barat,D.K.I. Jakarta
60300178,SMA AL FATAH YPKP SENTANI,https://sekolah.data.kemdikbud.go.id/index.php/Chome/profil/E972B6F2-B13B-4B5E-B11F-1DAB8343F93D,"Jln. Masjid Al Aqsho - Sentani, Kab. Jay... Sentani Kota Kec. Sentani Kab. Jayapura Prov. Papua",Kab. Jayapura,,Papua
10201327,SMAS MULIA SECURAI,https://sekolah.data.kemdikbud.go.id/index.php/Chome/profil/71308581-71DA-4C6D-B202-1DB2141B494F,JL. MEDAN - PK. BRANDAN KM. 77 Securai Utara Kec. Babalan Kab. Langkat Prov. Sumatera Utara,Kab. Langkat,,Sumatera Utara
70054237,SMA NEGERI 6 TEGAL,https://sekolah.data.kemdikbud.go.id/index.php/Chome/profil/618F3CDC-B58E-4CDB-B5C8-1DB4CA445965,"Jl. Sultan Hasanudin, Kelurahan Kalinyam... Kalinyamat Wetan Kec. Tegal Selatan Kota Tegal Prov. Jawa Tengah",,Kota Tegal,Jawa Tengah
70004016,SMA INSAN MULIA BOARDING SCHOOL,https://sekolah.data.kemdikbud.go.id/index.php/Chome/profil/0CD3C08F-8B07-4DF3-B836-1DB582ED69F7,"Jl. Nakulo No. 32, RT 007, RW 022, Nglem... Sari Harjo Kec. Ngaglik Kab. Sleman Prov. D.I. Yogyakarta",Kab. Sleman,,D.I. Yogyakarta
30101120,SMAN 1 MEMPAWAH HILIR,https://sekolah.data.kemdikbud.go.id/index.php/Chome/profil/64DA3328-193F-4CFC-BED6-1DB603EE5E5A,JL. RADEN KUSNO Terusan Kec. Mempawah Hilir Kab. Mempawah Prov. Kalimantan Barat,Kab. Mempawah,,Kalimantan Barat
69950694,SMA SANTA LUSIA BEKASI,https://sekolah.data.kemdikbud.go.id/index.php/Chome/profil/C49A6FB1-16CC-41F7-A76F-1DB6054CB940,JL. NEMAN JAYA KAV.18 RT 006/018 Pengasinan Kec. Rawalumbu Kota Bekasi Prov. Jawa Barat,,Kota Bekasi,Jawa Barat
10302982,SMAN 1 SIBERUT UTARA,https://sekolah.data.kemdikbud.go.id/index.php/Chome/profil/D954D862-43E2-431B-A7E4-1DB929448948,JL. RAYA MUARA SIKABALUAN Muara Sikabaluan Kec. Siberut Utara Kab. Kepulauan Mentawai Prov. Sumatera Barat,Kab. Kepulauan Mentawai,,Sumatera Barat
10604404,SMA NEGERI 4 LUBUKLINGGAU,https://sekolah.data.kemdikbud.go.id/index.php/Chome/profil/D2ED66D2-B897-473F-954A-1DBA87B4401D,JL. SEHASE Siring Agung Kec. Lubuk Linggau Selatan II Kota Lubuk Linggau Prov. Sumatera Selatan,,Kota Lubuk Linggau,Sumatera Selatan
20519285,SMAS MUHAMMADIYAH 3 PANDAAN,https://sekolah.data.kemdikbud.go.id/index.php/Chome/profil/9761ABFD-3893-4376-A6C0-1DBD96053D7B,JL. PAHLAWAN SUNARYO 256 PANDAAN Kutorejo Kec. Pandaan Kab. Pasuruan Prov. Jawa Timur,Kab. Pasuruan,,Jawa Timur
69948239,SMA NEGERI 1 BANAWA SELATAN,https://sekolah.data.kemdikbud.go.id/index.php/Chome/profil/8A19EF50-6E8C-4C07-863C-1DBEDDCC8282,Jl. Trans Sulawesi No.    Desa  Watatu Watatu Kec. Banawa Selatan Kab. Donggala Prov. Sulawesi Tengah,Kab. Donggala,,Sulawesi Tengah
20231322,SMAN 1 BABAKAN MADANG,https://sekolah.data.kemdikbud.go.id/index.php/Chome/profil/327D7567-4785-4231-A0BD-1DCD17149087,JL. RAYA BABAKAN MADANG Babakan Madang Kec. Babakan Madang Kab. Bogor Prov. Jawa Barat,Kab. Bogor,,Jawa Barat
69760562,SMAN 18 BEKASI,https://sekolah.data.kemdikbud.go.id/index.php/Chome/profil/051BEEF1-4F96-4280-B804-1DCEBB69AC07,JL. Rudal No.18 Perumahan Duren Jaya Per... Aren Jaya Kec. Bekasi Timur Kota Bekasi Prov. Jawa Barat,,Kota Bekasi,Jawa Barat
70008579,SMA Nazzalal Furqon,https://sekolah.data.kemdikbud.go.id/index.php/Chome/profil/BA5A29B9-3AB6-435D-82D1-1DD0272CCC6F,Jl. Palembang - Jambi Km 121 NUSA SERASAN Kec. Sungai Lilin Kab. Musi Banyuasin Prov. Sumatera Selatan,Kab. Musi Banyuasin,,Sumatera Selatan
40403970,SMAN 1 LASOLO,https://sekolah.data.kemdikbud.go.id/index.php/Chome/profil/224500FB-A70D-47DC-9628-1DD674805B71,JL. ASPOL NO. 5 TINOBU Kec. Lasolo Kab. Konawe Utara Prov. Sulawesi Tenggara,Kab. Konawe Utara,,Sulawesi Tenggara
20579307,SMAS AR-RAUDHAH,https://sekolah.data.kemdikbud.go.id/index.php/Chome/profil/D459EB3B-5BF4-4938-A04C-1DD7922AC68C,SEBANEH BANCARAN BANGKALAN Bancaran Kec. Bangkalan Kab. Bangkalan Prov. Jawa Timur,Kab. Bangkalan,,Jawa Timur
20330346,SMA  AL ISLAM 1 SURAKARTA,https://sekolah.data.kemdikbud.go.id/index.php/Chome/profil/E69083D3-7946-47CE-9EB7-1DE57B5A82E3,JL. HONGGOWONGSO NO. 94 Panularan Kec. Laweyan Kota Surakarta Prov. Jawa Tengah,,Kota Surakarta,Jawa Tengah
20327566,SMA NEGERI 5 MAGELANG,https://sekolah.data.kemdikbud.go.id/index.php/Chome/profil/0B1EA0AB-F64E-4832-89F7-1DE9697A5E6E,JL. BARITO II SIDOTOPO Kedungsari Kec. Magelang Utara Kota Magelang Prov. Jawa Tengah,,Kota Magelang,Jawa Tengah
20506310,SMA DARUSSALAM,https://sekolah.data.kemdikbud.go.id/index.php/Chome/profil/8DE52C18-9235-40D4-8D84-1DE96E945FE8,Jl. KH. DAHLAN RT 01 RW 01 DESA BULUBRAN... Bulubrangsi Kec. Laren Kab. Lamongan Prov. Jawa Timur,Kab. Lamongan,,Jawa Timur
20231325,SMAN 1 CIGUDEG,https://sekolah.data.kemdikbud.go.id/index.php/Chome/profil/4AD1E69E-6CF4-4299-BDB7-1DEA727F5381,"JL. RAYA CIGUDEG KM. 35, DESA CIGUDEG Cigudeg Kec. Cigudeg Kab. Bogor Prov. Jawa Barat",Kab. Bogor,,Jawa Barat
20219326,SMAN 8 BANDUNG,https://sekolah.data.kemdikbud.go.id/index.php/Chome/profil/3BCF4D55-F5A9-466C-BB42-1DEDB8EBB7B6,JL. SOLONTONGAN NO. 3 Turangga Kec. Lengkong Kota Bandung Prov. Jawa Barat,,Kota Bandung,Jawa Barat
30407324,SMAN 1 BONGAN,https://sekolah.data.kemdikbud.go.id/index.php/Chome/profil/A29F0850-34D2-40F3-BF55-1DF91B7D287E,JL. Mulawarman Muara Kedang Muara Kedang Kec. Bongan Kab. Kutai Barat Prov. Kalimantan Timur,Kab. Kutai Barat,,Kalimantan Timur
69945720,SMA AL FAQIHIL MUQODDAM,https://sekolah.data.kemdikbud.go.id/index.php/Chome/profil/272D3363-D32D-4531-9557-1DFFFBB30394,Parit Gondang Legi Sei Durian Kec. Sungai Ambawang Kab. Kubu Raya Prov. Kalimantan Barat,Kab. Kubu Raya,,Kalimantan Barat
20200675,SMAS TRIPLE J CITEUREUP,https://sekolah.data.kemdikbud.go.id/index.php/Chome/profil/B6B96623-75F8-42C7-92D9-1E00057DA23F,"JL. LANDBOUW , DS. KARANG ASEM BARAT NO.... Karang Asem Barat Kec. Citeureup Kab. Bogor Prov. Jawa Barat",Kab. Bogor,,Jawa Barat
30202452,SMAN 1 PATANGKEP TUTUI,https://sekolah.data.kemdikbud.go.id/index.php/Chome/profil/0A9925AB-51CD-4BE7-A1F1-1E0027B3D3F4,JL. AMD 2 RT 2 BENTOT Bentot Kec. Patangkep Tutui Kab. Barito Timur Prov. Kalimantan Tengah,Kab. Barito Timur,,Kalimantan Tengah
50307297,SMAN KI E,https://sekolah.data.kemdikbud.go.id/index.php/Chome/profil/EAC3F765-67CA-48CA-9147-1E0851F0FD7D,"Jl. Kaes Soinbala, Desa Napi,Kecamatan K... Napi Kec. Kie Kab. Timor Tengah Selatan Prov. Nusa Tenggara Timur",Kab. Timor Tengah Selatan,,Nusa Tenggara Timur
20252515,SMAS AR RIDWAN,https://sekolah.data.kemdikbud.go.id/index.php/Chome/profil/FD5E6F14-1C58-4BA2-8845-1E12928AC897,JL. WIBAWA MUKTI II KP. PEDURENAN GG. H.... Jatiluhur Kec. Jatiasih Kota Bekasi Prov. Jawa Barat,,Kota Bekasi,Jawa Barat
69823285,SMAN 3 BABELAN,https://sekolah.data.kemdikbud.go.id/index.php/Chome/profil/E09FE8C9-6EC2-4AC1-8E73-1E15E964551A,Perum Pondok Ungu Permai Sektor V Blok G... Bahagia Kec. Babelan Kab. Bekasi Prov. Jawa Barat,Kab. Bekasi,,Jawa Barat
30404462,SMA Negeri 16 Samarinda,https://sekolah.data.kemdikbud.go.id/index.php/Chome/profil/960DBBED-A3BF-4F49-844B-1E16C93615FE,Jl. Perjuangan Gunung Kelua Kec. Samarinda Ulu Kota Samarinda Prov. Kalimantan Timur,,Kota Samarinda,Kalimantan Timur
10498608,SMAN 5 PUJUD,https://sekolah.data.kemdikbud.go.id/index.php/Chome/profil/98C6D4ED-F68C-4155-AD75-1E1751D0251C,JL. Danau Panjang Km.5 Tanjung Medan Kec. Pujud Kab.  Rokan Hilir Prov. Riau,Kab.  Rokan Hilir,,Riau
20223072,SMAS MUDI AL AZIZIYYAH,https://sekolah.data.kemdikbud.go.id/index.php/Chome/profil/B1EC2DEA-6EE1-44DC-B371-1E1CC18D6E33,JL. RAYA  ANGKASAPURI JATIMEKAR Jatimekar Kec. Jatiasih Kota Bekasi Prov. Jawa Barat,,Kota Bekasi,Jawa Barat
40102593,SMAS KORPRI MANADO,https://sekolah.data.kemdikbud.go.id/index.php/Chome/profil/6041B3BA-A24E-433B-B323-1E238B97B0FA,Jl. Erpak Kelurahan Buha Kecamatan Mapan... Banjer Kec. Tikala Kota Manado Prov. Sulawesi Utara,,Kota Manado,Sulawesi Utara
10810729,SMAS PEMBINA MENGGALA,https://sekolah.data.kemdikbud.go.id/index.php/Chome/profil/B9402A10-6DE2-4B19-A78E-1E23B280697D,JL. Gala Ratu Komplek Perkantoran Pemda ... Menggala Selatan Kec. Menggala Kab. Tulang Bawang Prov. Lampung,Kab. Tulang Bawang,,Lampung
69734349,SMAS AT TAUBAH,https://sekolah.data.kemdikbud.go.id/index.php/Chome/profil/FD684B75-46D9-4B87-810F-1E2B0D26F1C7,JL. KH ISHAK MUZAWWIR NO.01 DS. TIRTASAR... Tirtasari Kec. Tirtamulya Kab. Karawang Prov. Jawa Barat,Kab. Karawang,,Jawa Barat
10258047,SMAS PRIMBANA,https://sekolah.data.kemdikbud.go.id/index.php/Chome/profil/86C5CCA8-59B3-48F2-BFCC-1E2D77E054A1,JL. JEND. BESAR A. H. NASUTION NO. 45 Pangkalan Masyhur Kec. Medan Johor Kota Medan Prov. Sumatera Utara,,Kota Medan,Sumatera Utara
50309611,SMAN 1 WEWEWA UTARA,https://sekolah.data.kemdikbud.go.id/index.php/Chome/profil/378F411A-0821-46E8-B2EA-1E30072665C3,PALLA Mataloko Kec. Wewewa Utara Kab. Sumba Barat Daya Prov. Nusa Tenggara Timur,Kab. Sumba Barat Daya,,Nusa Tenggara Timur
69856217,SMA PEMBANGUNAN JAYA 2,https://sekolah.data.kemdikbud.go.id/index.php/Chome/profil/A29ABD78-DEE0-4F8C-836E-1E3268CCCF91,KAWASAN TAMAN VANCOUVER BLOK J1 No.01 Ketajen Kec. Gedangan Kab. Sidoarjo Prov. Jawa Timur,Kab. Sidoarjo,,Jawa Timur
69963939,SMAN 3 SIOTAPINA,https://sekolah.data.kemdikbud.go.id/index.php/Chome/profil/FB3DB81F-B644-4898-B04B-1E352E6A86EB,DUSUN KANAWA Kumbewaha Kec. Siontapia Kab. Buton Prov. Sulawesi Tenggara,Kab. Buton,,Sulawesi Tenggara
20522671,SMAS IBRAHIMY SUKOREJO,https://sekolah.data.kemdikbud.go.id/index.php/Chome/profil/E671582C-12B0-47DB-83F2-1E388ADD9965,JL. KHR SYAMSUL ARIFIN Sumberejo Kec. Banyuputih Kab. Situbondo Prov. Jawa Timur,Kab. Situbondo,,Jawa Timur
20223029,SMAS TAMAN HARAPAN 1,https://sekolah.data.kemdikbud.go.id/index.php/Chome/profil/65270CC5-A12A-4300-9D21-1E38EFCE4848,KOMP. PERUM HARAPAN BARU Pejuang Kec. Medan Satria Kota Bekasi Prov. Jawa Barat,,Kota Bekasi,Jawa Barat
10647855,SMAN MUARA KULAM,https://sekolah.data.kemdikbud.go.id/index.php/Chome/profil/C818607C-053F-4474-839E-1E3B72ABCA8B,JL. POROS ULU RAWAS Kel. Muara Kulam Kec. Ulu Rawas Kab. Musi Rawas Utara Prov. Sumatera Selatan,Kab. Musi Rawas Utara,,Sumatera Selatan
40100914,SMAS KRISTEN LANGOWAN,https://sekolah.data.kemdikbud.go.id/index.php/Chome/profil/F7C271A8-EB18-42A0-A3C8-1E40B2A5DF0F,JL. RAYA WOLAANG Wolaang Kec. Langowan Timur Kab. Minahasa Prov. Sulawesi Utara,Kab. Minahasa,,Sulawesi Utara
69856247,SMA Negeri  1 ILE APE,https://sekolah.data.kemdikbud.go.id/index.php/Chome/profil/F834302F-D2C1-4E82-AD93-1E4625BE24EF,Jln Trans Ile Ape-Desa Tagawiti - Kecama... Tagawiti Kec. Ile Ape Kab. Lembata Prov. Nusa Tenggara Timur,Kab. Lembata,,Nusa Tenggara Timur
70014097,SMA YAYASAN TITIAN ILMU PENGABUAN,https://sekolah.data.kemdikbud.go.id/index.php/Chome/profil/7355C9C7-75BE-40C6-9AAC-1E469C4236E2,Desa Sungai Serindit Sungai Serindit Kec. Pengabuan Kab. Tanjung Jabung Barat Prov. Jambi,Kab. Tanjung Jabung Barat,,Jambi
70003959,SMAN 2 WAWONII TENGGARA,https://sekolah.data.kemdikbud.go.id/index.php/Chome/profil/4D632C92-5614-4E95-B552-1E52F78BC220,JALAN POROS KABUPATEN Mosolo Kec. Wawonii Tenggara Kab. Konawe Kepulauan Prov. Sulawesi Tenggara,Kab. Konawe Kepulauan,,Sulawesi Tenggara
69930839,SMA INTEGRAL HIDAYATULLAH,https://sekolah.data.kemdikbud.go.id/index.php/Chome/profil/71A31E4B-8C55-48BF-AB80-1E532789478B,"Jl. P. Hidayatullah,RT. 08, Kel. Sei Be... Tanjung Redeb Kec. Tanjung Redeb Kab. Berau Prov. Kalimantan Timur",Kab. Berau,,Kalimantan Timur
40500453,SMAN 1 LIMBOTO,https://sekolah.data.kemdikbud.go.id/index.php/Chome/profil/2812D13E-A245-42E9-9653-1E54C772A7FF,JL. ACHMAD A. WAHAB NO. 13 A Kayubulan Kec. Limboto Kab. Gorontalo Prov. Gorontalo,Kab. Gorontalo,,Gorontalo
60201930,SMAN 9 HALMAHERA UTARA,https://sekolah.data.kemdikbud.go.id/index.php/Chome/profil/579DC573-D073-43EC-B30F-1E57FAEFA8CC,JL. RAYA GORUA Gorua Kec. Tobelo Utara Kab. halmahera Utara Prov. Maluku Utara,Kab. halmahera Utara,,Maluku Utara
30107324,SMAN 1 TEMPUNAK,https://sekolah.data.kemdikbud.go.id/index.php/Chome/profil/38AFBF20-1E7E-42CA-8661-1E5DE9A2BD35,jalan Raden Prabu Cakra Negara Rt 1 Rw 1... Nanga Tempunak Kec. Tempunak Kab. Sintang Prov. Kalimantan Barat,Kab. Sintang,,Kalimantan Barat
69728512,SMA NEGERI 12 KABUPATEN SORONG,https://sekolah.data.kemdikbud.go.id/index.php/Chome/profil/B500D7A6-59BE-405D-9543-1E650C703476,SP 3 MAYAMUK Makbusun Kec. Mayamuk Kab. Sorong Prov. Papua Barat Daya,Kab. Sorong,,Papua Barat Daya
30100378,SMAS ST BONA VENTURA,https://sekolah.data.kemdikbud.go.id/index.php/Chome/profil/CF726043-3CBE-4BC2-B3C0-1E6EE46E131A,JL.GUSTI HAMZAH NO. 028 SAMBAS Durian Kec. Sambas Kab. Sambas Prov. Kalimantan Barat,Kab. Sambas,,Kalimantan Barat
20308451,SMA NEGERI 1 AMPEL,https://sekolah.data.kemdikbud.go.id/index.php/Chome/profil/446E852E-E2E9-4ACE-AB88-1E71AFB540D1,JL. PANTARAN KM.1 GLADAGSARI Gladagsari Kec. Ampel Kab. Boyolali Prov. Jawa Tengah,Kab. Boyolali,,Jawa Tengah
70009366,SMA ISLAM AL-MU ALLIMIN,https://sekolah.data.kemdikbud.go.id/index.php/Chome/profil/8826167D-1FBB-4909-8898-1E72E8CA4EA6,"JALAN PADAT KARYA, DESA BALAI KARANGAN I... BALAI KARANGAN Kec. Sekayam Kab. Sanggau Prov. Kalimantan Barat",Kab. Sanggau,,Kalimantan Barat
20549429,SMAS MAARIF NU AL IKHLAS AL MUHDOR YOSO,https://sekolah.data.kemdikbud.go.id/index.php/Chome/profil/2AB99634-FA11-4D4C-8125-1E75C541B1E0,JL. MAKAM 01 Darungan Kec. Yosowilangun Kab. Lumajang Prov. Jawa Timur,Kab. Lumajang,,Jawa Timur
20251782,SMAN 1 CIKALONGWETAN,https://sekolah.data.kemdikbud.go.id/index.php/Chome/profil/85B262E9-D6C3-4927-8CAF-1E75E3DAD526,JL. RAYA CIKALONGWETAN Mandalamukti Kec. Cikalongwetan Kab. Bandung Barat Prov. Jawa Barat,Kab. Bandung Barat,,Jawa Barat
69992502,SMAS IT WIHDATUL UMMAH,https://sekolah.data.kemdikbud.go.id/index.php/Chome/profil/94032AA6-F467-4C7C-840E-1E7A35DF20F3,Jalan Ahmad Mustin Laloeha Kec. Kolaka Kab. Kolaka Prov. Sulawesi Tenggara,Kab. Kolaka,,Sulawesi Tenggara
69839276,SMA NEGERI WELAMOSA,https://sekolah.data.kemdikbud.go.id/index.php/Chome/profil/BE5D6ACE-0354-4A07-B229-1E7BCFED9FD4,WELAMOSA Welamosa Kec. Wewaria Kab. Ende Prov. Nusa Tenggara Timur,Kab. Ende,,Nusa Tenggara Timur
69948194,SMA Negeri 1 Tenggulun,https://sekolah.data.kemdikbud.go.id/index.php/Chome/profil/FB6BF2FC-0D0A-4D3F-8BFA-1E7CF88954E6,Jalan Sumber Rejo Tenggulun Kec. Tenggulun Kab. Aceh Tamiang Prov. Aceh,Kab. Aceh Tamiang,,Aceh
20312206,SMA BUNG KARNO KARANGPANDAN,https://sekolah.data.kemdikbud.go.id/index.php/Chome/profil/E461B444-2865-4826-94DD-1E7EAD6A57AF,JL.RAYA SOLO TAWANGMANGU KM 27 Karangpandan Kec. Karangpandan Kab. Karanganyar Prov. Jawa Tengah,Kab. Karanganyar,,Jawa Tengah
69987313,SMA NEGERI 2 ULUBONGKA,https://sekolah.data.kemdikbud.go.id/index.php/Chome/profil/CFF091D4-599E-4DEA-9A83-1E8299E03D26,Jl. Gunung Katopas No. 4 Watusongu Kec. Ulubongka Kab. Tojo Una Una Prov. Sulawesi Tengah,Kab. Tojo Una Una,,Sulawesi Tengah
40202928,SMAN 1 AMPIBABO,https://sekolah.data.kemdikbud.go.id/index.php/Chome/profil/CEA7DDED-BC1D-45D3-A444-1E830BD7059C,JL. DJIDE NO. 353 AMPIBABO TIMUR Kec. Ampibabo Kab. Parigi Moutong Prov. Sulawesi Tengah,Kab. Parigi Moutong,,Sulawesi Tengah
20606500,SMAS ISLAM KAFAH UNGGUL,https://sekolah.data.kemdikbud.go.id/index.php/Chome/profil/72B9BBDB-DEC2-41AF-823A-1E8494F3E922,"JL. RADEN SALEH NO. 56 KARANG MULYA,KARA... Karang Mulya Kec. Karang Tengah Kota Tangerang Prov. Banten",,Kota Tangerang,Banten
20540057,SMAS ISLAM PERLAUNGAN,https://sekolah.data.kemdikbud.go.id/index.php/Chome/profil/6CE02723-309C-4499-BE69-1E874E677CDF,Jl. Berbek I No. 4 Berbek Kec. Waru Kab. Sidoarjo Prov. Jawa Timur,Kab. Sidoarjo,,Jawa Timur
69822493,SMA Muhammadiyah Karang Intan,https://sekolah.data.kemdikbud.go.id/index.php/Chome/profil/094C47CA-CEE1-49FF-8095-1E87EC779AF3,Jl.Melati No.63 RT.02 Karang Intan Kec. Karang Intan Kab. Banjar Prov. Kalimantan Selatan,Kab. Banjar,,Kalimantan Selatan
69726037,SMAN 2 DUMOGA,https://sekolah.data.kemdikbud.go.id/index.php/Chome/profil/92B948B4-8F74-4CD5-91E6-1E8EA66E9C65,JL. RAYA AKD DOLODUO Doloduo Kec. Dumoga Barat Kab. Bolaang Mongondow Prov. Sulawesi Utara,Kab. Bolaang Mongondow,,Sulawesi Utara
70038609,SMA Negeri 29 Seram Bagian Barat,https://sekolah.data.kemdikbud.go.id/index.php/Chome/profil/85EFEEA2-143E-406C-8CF9-1E8F73343A6C,"Jl. La Gaibu, Dusun Air papaya Desa Iha Kec. Huamual Kab. Seram Bagian Barat Prov. Maluku",Kab. Seram Bagian Barat,,Maluku
20303236,SMAS MUHAMMADIYAH 4 PURBALINGGA,https://sekolah.data.kemdikbud.go.id/index.php/Chome/profil/434475B4-BD1B-4443-B4C4-1E95091BB0AA,JL. RAYA UTARA KERTANEGARA Kertanegara Kec. Kertanegara Kab. Purbalingga Prov. Jawa Tengah,Kab. Purbalingga,,Jawa Tengah
20200903,SMAN 1 RUMPIN,https://sekolah.data.kemdikbud.go.id/index.php/Chome/profil/D2277861-5306-460A-BB52-1EA24CC566AC,JL. Prada Abdullah Rumpin Kec. Rumpin Kab. Bogor Prov. Jawa Barat,Kab. Bogor,,Jawa Barat
70042699,SMA STELLA GRACIA SCHOOL,https://sekolah.data.kemdikbud.go.id/index.php/Chome/profil/469148F3-1B0F-42CF-9AFF-1EA3A8F713A8,Jl. Manunggal 22 No. 5 Maccini Sombala Kec. Tamalate Kota Makassar Prov. Sulawesi Selatan,,Kota Makassar,Sulawesi Selatan
20607995,SMAS TERPADU DARUSSAADAH CIMARGA,https://sekolah.data.kemdikbud.go.id/index.php/Chome/profil/2D6B86BC-2912-48B3-BB5C-1EA5590C37FD,KP. CIMARGA MARGAJAYA KM. 8 KP. CIMARGA Marga Jaya Kec. Cimarga Kab. Lebak Prov. Banten,Kab. Lebak,,Banten
60728421,UPTD SMAN 3 BUDONG-BUDONG,https://sekolah.data.kemdikbud.go.id/index.php/Chome/profil/4A3E3F26-D924-446E-988E-1EAFA8EB86A6,Jalan Pendidikan Salugatta Kec. Budong-Budong Kab. Mamuju Tengah Prov. Sulawesi Barat,Kab. Mamuju Tengah,,Sulawesi Barat
69831997,SMA SWASTA RAUDHATUL FUQARA PAYA BAKONG,https://sekolah.data.kemdikbud.go.id/index.php/Chome/profil/9AC64923-BDAA-4738-9727-1EB39ED66C5C,"KOMPLEK YAYASAN RAUDHATUL FUQARA, Jl. Cu... Tumpok Mesjid Kec. Paya Bakong Kab. Aceh Utara Prov. Aceh",Kab. Aceh Utara,,Aceh
60100815,SMAS RONEVAN TUAL,https://sekolah.data.kemdikbud.go.id/index.php/Chome/profil/7A7E3148-B0F3-4639-AF42-1EB9B6AA740C,JL. Pemuda Kota Tual Kel. Lodar El Kec. Pulau Dullah Selatan Kota Tual Prov. Maluku,,Kota Tual,Maluku
69986462,SMA NEGERI KIWIROK,https://sekolah.data.kemdikbud.go.id/index.php/Chome/profil/8DB6CA27-4B6E-4353-8304-1EBFEA380504,Jalan Tapal Batas RI-PNG Sopamikma Kec. Kiwirok Kab. Pegunungan Bintang Prov. Papua Pegunungan,Kab. Pegunungan Bintang,,Papua Pegunungan
40102413,SMAS KRISTEN YOBEL KEMA,https://sekolah.data.kemdikbud.go.id/index.php/Chome/profil/DC7CFB61-C9BB-4F64-B2B4-1EC0E280E1DD,KEMA I Kema Satu Kec. Kema Kab. Minahasa Utara Prov. Sulawesi Utara,Kab. Minahasa Utara,,Sulawesi Utara
40301857,SMAN 2 JENEPONTO,https://sekolah.data.kemdikbud.go.id/index.php/Chome/profil/387705AD-1902-4179-8CD9-1EC1C31F0F4A,JL. DAUD DG LILI NO. 17 tanetea Bontotangnga Kec. Tamalatea Kab. Jeneponto Prov. Sulawesi Selatan,Kab. Jeneponto,,Sulawesi Selatan
69899566,SMA SURYA BAKTI,https://sekolah.data.kemdikbud.go.id/index.php/Chome/profil/CE826663-9EEA-4838-9526-1EC71A7DC200,Jl. Jati II No. 15 Sawahan Kec. Padang Timur Kota Padang Prov. Sumatera Barat,,Kota Padang,Sumatera Barat
10816145,SMAS PELITA BANGSA,https://sekolah.data.kemdikbud.go.id/index.php/Chome/profil/1F6E2EE5-C3D2-4886-A21A-1EC88835F08D,JL. P EMIR M NOER NO. 33 Durian Payung Kec. Tanjung Karang Pusat Kota Bandar Lampung Prov. Lampung,,Kota Bandar Lampung,Lampung
20223019,SMAN 10 BEKASI,https://sekolah.data.kemdikbud.go.id/index.php/Chome/profil/5441AF78-592B-4D97-9DD2-1ECBF0BED993,JL. FLAMBOYAN RAYA PERUM HARAPAN INDAH Pejuang Kec. Medan Satria Kota Bekasi Prov. Jawa Barat,,Kota Bekasi,Jawa Barat
30400215,SMA NEGERI 1 MUARA JAWA,https://sekolah.data.kemdikbud.go.id/index.php/Chome/profil/ECB70457-EA8A-4CE8-B73D-1ECE6D9CD81C,JL. M. HATTA Muara Jawa Tengah Kec. Muara Jawa Kab. Kutai Kartanegara Prov. Kalimantan Timur,Kab. Kutai Kartanegara,,Kalimantan Timur
20564058,SMAS AL MIFTAH SUMBERBARU,https://sekolah.data.kemdikbud.go.id/index.php/Chome/profil/94067683-26A3-479F-9071-1ECE8EE5F095,JL.WARINGIN 75 Kaliglagah Kec. Sumberbaru Kab. Jember Prov. Jawa Timur,Kab. Jember,,Jawa Timur
69851427,SMAN 2 HALONG,https://sekolah.data.kemdikbud.go.id/index.php/Chome/profil/4C0A48A1-6F38-42AA-BF82-1ED652582426,"JALAN PADANG, DESA UREN, RT.1 Uren Kec. Halong Kab. Balangan Prov. Kalimantan Selatan",Kab. Balangan,,Kalimantan Selatan
40403344,SMAN 4 KONAWE SELATAN,https://sekolah.data.kemdikbud.go.id/index.php/Chome/profil/D5CCFAF6-EE5F-4CDC-8BE0-1ED90B4F46BD,JL. PENDIDIKAN NO. 1 WAWONGGURA Kec. Palangga Kab. Konawe Selatan Prov. Sulawesi Tenggara,Kab. Konawe Selatan,,Sulawesi Tenggara
20313833,SMAS ISLAM SUDIRMAN TANGGUNGHARJO,https://sekolah.data.kemdikbud.go.id/index.php/Chome/profil/F723F59B-2F23-49A9-BF6D-1EDCD4470A90,JL. RAYA KAPUNG TANGGUNGHARJO Sugihmanik Kec. Tanggungharjo Kab. Grobogan Prov. Jawa Tengah,Kab. Grobogan,,Jawa Tengah
30401053,SMA Negeri 7 Samarinda,https://sekolah.data.kemdikbud.go.id/index.php/Chome/profil/4288250F-7097-4D0E-BD7B-1EE96EE2A10E,Jl. Soekarno Hatta Km.1 Simpang Tiga (Loa Janan Ilir) Kec. Loa Janan Ilir Kota Samarinda Prov. Kalimantan Timur,,Kota Samarinda,Kalimantan Timur
60401775,SMAN 1 INANWATAN,https://sekolah.data.kemdikbud.go.id/index.php/Chome/profil/D1E0199C-13EC-4DA3-9311-1EECF463D4E8,Kampung Siri-siri Siri-siri Kec. Inanwatan Kab. Sorong Selatan Prov. Papua Barat Daya,Kab. Sorong Selatan,,Papua Barat Daya
69939943,SMA SWASTA AL FHATTANI,https://sekolah.data.kemdikbud.go.id/index.php/Chome/profil/803FC589-29F4-4658-B994-1EEE3C5D1DC1,Jalan Exxon Mobil Gampong Matang Ben Kec... Matang Ben Kec. Tanah Luas Kab. Aceh Utara Prov. Aceh,Kab. Aceh Utara,,Aceh
69981643,SMA MUHAMMADIYAH BOARDING SCHOOL TARAKAN,https://sekolah.data.kemdikbud.go.id/index.php/Chome/profil/9D649ABA-FB02-4936-B4FE-1F075E88D0F5,"Jl. Jenderal Sudirman, RT. 4, No. 66 Pamusian Kec. Tarakan Tengah Kota Tarakan Prov. Kalimantan Utara",,Kota Tarakan,Kalimantan Utara
20562215,SMAS ZAINUL HASAN 2 KRUCIL,https://sekolah.data.kemdikbud.go.id/index.php/Chome/profil/DA916ACC-6ECA-49BC-A2F5-1F0C27CC3A3F,Jln. PONPES ZAHA 2 TAMBELANG Tambelang Kec. Krucil Kab. Probolinggo Prov. Jawa Timur,Kab. Probolinggo,,Jawa Timur
20523801,SMAS PAHLAWAN JEMBER,https://sekolah.data.kemdikbud.go.id/index.php/Chome/profil/09F298F9-1AF2-4083-B8B6-1F13F57A9A6B,JL. SLAMET RIYADI NO. 64 Patrang Kec. Patrang Kab. Jember Prov. Jawa Timur,Kab. Jember,,Jawa Timur
20606512,SMAS KRISTEN KANAAN,https://sekolah.data.kemdikbud.go.id/index.php/Chome/profil/310D954F-1B64-4177-9E30-1F144BED2F05,JL. SUKAMANAH V NO. 11 TANGERANG Sukasari Kec. Tangerang Kota Tangerang Prov. Banten,,Kota Tangerang,Banten
70045579,SMA TERPADU BINA BANGSA,https://sekolah.data.kemdikbud.go.id/index.php/Chome/profil/F3CDFA01-DCBA-4466-941C-1F249E946F06,Kp. Cibarengkok RT.02 RW.01 Padasenang Kec. Cidadap Kab. Sukabumi Prov. Jawa Barat,Kab. Sukabumi,,Jawa Barat
69915792,SMA AL-BAYAN MUARA PAWAN,https://sekolah.data.kemdikbud.go.id/index.php/Chome/profil/A55847CA-626D-4A4D-B64B-1F2523437FC7,"JL. PRAMUKA RT.2, RW.1 DESA SUKAMAJU Suka Maju Kec. Muara Pawan Kab. Ketapang Prov. Kalimantan Barat",Kab. Ketapang,,Kalimantan Barat
50203691,SMAN 1 DOMPU,https://sekolah.data.kemdikbud.go.id/index.php/Chome/profil/13036231-8C88-492F-8014-1F2DDDE67883,JL. SOEKARNO HATTA NO.56 Bada Kec. Dompu Kab. Dompu Prov. Nusa Tenggara Barat,Kab. Dompu,,Nusa Tenggara Barat
69947798,SMA PLK FLORESSTA MAUMERE,https://sekolah.data.kemdikbud.go.id/index.php/Chome/profil/40FC15CE-F626-465A-A655-1F3EAFF0396D,JALAN LITBANG Kota Uneng Kec. Alok Kab. Sikka Prov. Nusa Tenggara Timur,Kab. Sikka,,Nusa Tenggara Timur
69934747,SMA TERPADU MANAHIJUL HUDA,https://sekolah.data.kemdikbud.go.id/index.php/Chome/profil/0793563D-FC31-42AB-B637-1F45B3E85230,Jl.Sukaraja Kp. Tejamaya Ds.Sukaraja Kec... Sukaraja Kec. Rajapolah Kab. Tasikmalaya Prov. Jawa Barat,Kab. Tasikmalaya,,Jawa Barat
20523828,SMAN AMBULU,https://sekolah.data.kemdikbud.go.id/index.php/Chome/profil/E678F352-6308-415B-8138-1F48C3BE7859,JL. CANDRADIMUKA 42 Ambulu Kec. Ambulu Kab. Jember Prov. Jawa Timur,Kab. Jember,,Jawa Timur
70011442,SMA IT AKMALA SABILA,https://sekolah.data.kemdikbud.go.id/index.php/Chome/profil/3AF7A4D8-0925-4BD8-A886-1F4CE8B4D6BF,Jl.Ir. Soekarno No.1 Kecomberan Kec. Talun Kab. Cirebon Prov. Jawa Barat,Kab. Cirebon,,Jawa Barat
69888716,SMA PGRI CIAMBAR,https://sekolah.data.kemdikbud.go.id/index.php/Chome/profil/140D0A08-5A9E-4F55-AC84-1F4F253A1DBF,Jl. Ciambar Km 5 Ciambar Kec. Ciambar Kab. Sukabumi Prov. Jawa Barat,Kab. Sukabumi,,Jawa Barat
20532451,SMAS 17 AGUSTUS 1945,https://sekolah.data.kemdikbud.go.id/index.php/Chome/profil/921B6FD0-536D-4EB7-9A72-1F5AE28DFF4B,JL. SEMOLOWARU NO. 45 Semolowaru Kec. Sukolilo Kota Surabaya Prov. Jawa Timur,,Kota Surabaya,Jawa Timur
70055100,SMA El Shaddai Mulia,https://sekolah.data.kemdikbud.go.id/index.php/Chome/profil/5E3042C9-873C-4FD5-A7B7-1F5D4B9B8FE2,Jl. Beringin 6 No 8 Sungaisibam Kec. Binawidya Kota Pekanbaru Prov. Riau,,Kota Pekanbaru,Riau
30104083,SMAN 1 BENGKAYANG,https://sekolah.data.kemdikbud.go.id/index.php/Chome/profil/1DAA5409-BE63-44D4-A53B-1F6301F4923A,JL. SANGGAU LEDO NO. 17 Sebalo Kec. Bengkayang Kab. Bengkayang Prov. Kalimantan Barat,Kab. Bengkayang,,Kalimantan Barat
20251964,SMAS YRM CIHAWAR,https://sekolah.data.kemdikbud.go.id/index.php/Chome/profil/61D7816D-9166-413D-91DF-1F646F26F4D1,JL. RAYA CIHAWAR NO. 151 RAJADESA Sukaharja Kec. Rajadesa Kab. Ciamis Prov. Jawa Barat,Kab. Ciamis,,Jawa Barat
60102014,SMAN 7 AMBON,https://sekolah.data.kemdikbud.go.id/index.php/Chome/profil/BC176BCE-323A-4F3B-9BB4-1F719A65ED5E,JL. DR. J. LEIMENA Hative Besar Kec. Teluk Ambon Kota Ambon Prov. Maluku,,Kota Ambon,Maluku
50309622,SMAN OINLASI,https://sekolah.data.kemdikbud.go.id/index.php/Chome/profil/0C03FD26-1D28-40B9-9258-1F72FDFA13F2,OINLASI Oinlasi Kec. Amanatun Selatan Kab. Timor Tengah Selatan Prov. Nusa Tenggara Timur,Kab. Timor Tengah Selatan,,Nusa Tenggara Timur
69987823,SMA SWASTA ABDI KASIH BANGSA,https://sekolah.data.kemdikbud.go.id/index.php/Chome/profil/8F5967D1-C15F-4139-B5D7-1F75E4E89817,"JL. Jupiter 2, No. 1 Oesapa Kec. Kelapa Lima Kota Kupang Prov. Nusa Tenggara Timur",,Kota Kupang,Nusa Tenggara Timur
10220294,SMAN 1 PARMONANGAN,https://sekolah.data.kemdikbud.go.id/index.php/Chome/profil/D35BE6C5-AC81-403E-B7FB-1F7D70DAD9B9,DESA MANALU Manalu Kec. Parmonangan Kab. Tapanuli Utara Prov. Sumatera Utara,Kab. Tapanuli Utara,,Sumatera Utara
20523826,SMAN 4 JEMBER,https://sekolah.data.kemdikbud.go.id/index.php/Chome/profil/60879891-9EE9-4BD4-972D-1F80C9586864,JL. HAYAM WURUK 145 Sempusari Kec. Kaliwates Kab. Jember Prov. Jawa Timur,Kab. Jember,,Jawa Timur
50300259,SMAN 2 KUPANG TIMUR,https://sekolah.data.kemdikbud.go.id/index.php/Chome/profil/14D03B1F-87B1-43B9-B871-1F81E12AF156,JL. TIMOR RAYA KM. 33 Naibonat Kec. Kupang Timur Kab. Kupang Prov. Nusa Tenggara Timur,Kab. Kupang,,Nusa Tenggara Timur
10600496,SMAN 3 KAYUAGUNG,https://sekolah.data.kemdikbud.go.id/index.php/Chome/profil/054B5FEF-9B78-431D-9F6D-1F84978084BC,Jl. Letnan Sayuti No. 03 Kedaton Kec. Kota Kayu Agung Kab. Ogan Komering Ilir Prov. Sumatera Selatan,Kab. Ogan Komering Ilir,,Sumatera Selatan
50306570,SMA NEGERI 1 AMARASI SELATAN,https://sekolah.data.kemdikbud.go.id/index.php/Chome/profil/9B747FCB-8581-4858-8EFF-1F9036696CE8,JL. A.R. KOROH Sonraen Kec. Amarasi Selatan Kab. Kupang Prov. Nusa Tenggara Timur,Kab. Kupang,,Nusa Tenggara Timur
20506307,SMAS ISLAM TERPADU AL AZHAR BRONDONG,https://sekolah.data.kemdikbud.go.id/index.php/Chome/profil/4F1E1BAE-9DA7-4A55-9CB2-1F910CC38814,JL.Embong Sepur Kompleks Yayasan Al Azha... Sedayulawas Kec. Brondong Kab. Lamongan Prov. Jawa Timur,Kab. Lamongan,,Jawa Timur
10260455,SMA NEGERI 1 MAZINO,https://sekolah.data.kemdikbud.go.id/index.php/Chome/profil/A6D148B3-F5A4-4EAF-87D4-1F918FA660A9,JL. MAZINO Lolomboli Kec. Mazino Kab. Nias Selatan Prov. Sumatera Utara,Kab. Nias Selatan,,Sumatera Utara
10901101,SMAS SWADAYA,https://sekolah.data.kemdikbud.go.id/index.php/Chome/profil/281FC7DC-854D-4F4B-885A-1F94444D0FD3,Jalan Garut Pasar Padi Kec. Girimaya Kota Pangkal Pinang Prov. Kepulauan Bangka Belitung,,Kota Pangkal Pinang,Kepulauan Bangka Belitung
20233751,SMAS MAARIF LOH BENER,https://sekolah.data.kemdikbud.go.id/index.php/Chome/profil/41C548E3-5356-46FB-A09F-1F9C4977C629,JL. SURYANEGARA NO.1 Legok Kec. Lohbener Kab. Indramayu Prov. Jawa Barat,Kab. Indramayu,,Jawa Barat
69756256,SMA NEGERI 2 PAJU EPAT,https://sekolah.data.kemdikbud.go.id/index.php/Chome/profil/6E5CE4AC-BDF6-4629-A1E6-1FA0B7719790,JURU BANU Juru Banu Kec. Paju Epat Kab. Barito Timur Prov. Kalimantan Tengah,Kab. Barito Timur,,Kalimantan Tengah
10210712,SMAS GKPI PADANG BULAN,https://sekolah.data.kemdikbud.go.id/index.php/Chome/profil/3B61B71C-0A33-4644-A487-1FA4F9576813,JL. LETJEN. JAMIN GINTING KOMPLEKS PAMEN Padang Bulan Kec. Medan Baru Kota Medan Prov. Sumatera Utara,,Kota Medan,Sumatera Utara
60302984,SMA Negeri 7 Nabire,https://sekolah.data.kemdikbud.go.id/index.php/Chome/profil/6FD6E2C4-3E78-4075-BD0B-1FA7EDB84C4E,Jl. Nabire - Ilaga KM 32 Marga Jaya Kec. Uwapa Kab. Nabire Prov. Papua Tengah,Kab. Nabire,,Papua Tengah
30311681,SMAN 8 BARABAI,https://sekolah.data.kemdikbud.go.id/index.php/Chome/profil/B2A8A5BF-5624-4246-92FF-1FAD4C738548,JL.Sepakat Pandawan Pandawan Kec. Pandawan Kab. Hulu Sungai Tengah Prov. Kalimantan Selatan,Kab. Hulu Sungai Tengah,,Kalimantan Selatan
30301781,SMAS IBNU MAS UD PUTRI,https://sekolah.data.kemdikbud.go.id/index.php/Chome/profil/8F69F78C-4E24-4E30-BFD1-1FAFBCA8C9EE,JL. JENDRAL SUDIRMAN KM. 9 Hariti Kec. Sungai Raya Kab. Hulu Sungai Selatan Prov. Kalimantan Selatan,Kab. Hulu Sungai Selatan,,Kalimantan Selatan
60730064,SMAS WAHID HASYIM,https://sekolah.data.kemdikbud.go.id/index.php/Chome/profil/0C5A9415-627E-46A1-9B16-1FB2927E5800,Jl. Masjid Minhajul Abidin Mojogeneng Kec. Jatirejo Kab. Mojokerto Prov. Jawa Timur,Kab. Mojokerto,,Jawa Timur
30104900,SMAS SANTA MARIA,https://sekolah.data.kemdikbud.go.id/index.php/Chome/profil/080BEF1B-8756-4222-AAE8-1FB40983F118,Jl.H.A  RANI Tanjung Niaga Kec. Nanga Pinoh Kab. Melawi Prov. Kalimantan Barat,Kab. Melawi,,Kalimantan Barat
20215992,SMAN 1 SLIYEG,https://sekolah.data.kemdikbud.go.id/index.php/Chome/profil/11693E98-5F77-49EC-B4FB-1FB545984E5F,JL. RAYA SLEMAN Sleman Lor Kec. Sliyeg Kab. Indramayu Prov. Jawa Barat,Kab. Indramayu,,Jawa Barat
20101354,SMAS FAJRUL ISLAM,https://sekolah.data.kemdikbud.go.id/index.php/Chome/profil/6E6123B5-AB05-4A26-8C6A-1FBCCEB9F6CA,JL. TANJUNG PURA V Pegadungan Kec. Kali Deres Kota Adm. Jakarta Barat Prov. D.K.I. Jakarta,,Kota Adm. Jakarta Barat,D.K.I. Jakarta
20104413,SMAS DIAN HARAPAN,https://sekolah.data.kemdikbud.go.id/index.php/Chome/profil/75F07ECF-08CC-4356-93DE-1FBD9FFE5EE1,JL. BEDUGUL DAAN MOGOT BARU NO. 1 Kalideres Kec. Kali Deres Kota Adm. Jakarta Barat Prov. D.K.I. Jakarta,,Kota Adm. Jakarta Barat,D.K.I. Jakarta
70007752,SMA NEGERI 2 UMALULU,https://sekolah.data.kemdikbud.go.id/index.php/Chome/profil/C00115BB-CDD9-42F4-AA89-1FBF656BA8CC,"JLN. RAYA WAINGAPU-MELOLO, LUKUMIHI Wanga Kec. Umalulu Kab. Sumba Timur Prov. Nusa Tenggara Timur",Kab. Sumba Timur,,Nusa Tenggara Timur
60200951,SMAN 1 TIDORE KEPULAUAN,https://sekolah.data.kemdikbud.go.id/index.php/Chome/profil/F1B1EAE5-DB29-4AFA-B476-1FC60A1C8832,JL. A. YANI INDONESIANA Indonesiana Kec. Tidore Kota Tidore Kepulauan Prov. Maluku Utara,,Kota Tidore Kepulauan,Maluku Utara
10102770,SMAN 1 MEUKEK,https://sekolah.data.kemdikbud.go.id/index.php/Chome/profil/D11A85F0-097A-4BFB-A620-1FCBAAFF44F5,JL. TAPAKTUAN - BLANG PIDIE KM. 27 Kuta Baro Kec. Meukek Kab. Aceh Selatan Prov. Aceh,Kab. Aceh Selatan,,Aceh
20231359,SMAS WIDYA KUSUMA,https://sekolah.data.kemdikbud.go.id/index.php/Chome/profil/44D40B08-FCF8-46C4-98D6-1FCC03E7ACFC,JL. THATA HIJAU RAYA BOULEVARD PERUM. CI... Cileungsi Kec. Cileungsi Kab. Bogor Prov. Jawa Barat,Kab. Bogor,,Jawa Barat
30203686,SMAN 2 KUMAI,https://sekolah.data.kemdikbud.go.id/index.php/Chome/profil/EC5CD9C8-C4FD-429C-B1DE-1FD08996C959,JL. AHMAD YANI KM. 18 Bumi Harjo Kec. Kumai Kab. Kotawaringin Barat Prov. Kalimantan Tengah,Kab. Kotawaringin Barat,,Kalimantan Tengah
70049707,SMA NEGERI 2 LEMBAH MELINTANG,https://sekolah.data.kemdikbud.go.id/index.php/Chome/profil/11BDE580-F12D-4325-9D61-1FD10C5C3CF9,"Jl. Pasir Putih Jorong Koto Sawah, Nagar... UJUANG GADIANG Kec. Lembah Melintang Kab. Pasaman Barat Prov. Sumatera Barat",Kab. Pasaman Barat,,Sumatera Barat
10110740,SMA SWASTA DARUL ABRAR,https://sekolah.data.kemdikbud.go.id/index.php/Chome/profil/FDB7C193-EA30-441B-AE17-1FE1E91CC32D,JL. Banda Aceh - Meulaboh Km. 143 Gampong Baro Kec. Setia Bakti Kab. Aceh Jaya Prov. Aceh,Kab. Aceh Jaya,,Aceh
10501832,SMAN 1 TANJUNG JABUNG  BARAT,https://sekolah.data.kemdikbud.go.id/index.php/Chome/profil/C4FE0D30-5083-4ACF-AC37-1FE3BE88D95B,Jl. Jend. Sudirman No. 172 SRIWIJAYA Kec. Tungkal Ilir Kab. Tanjung Jabung Barat Prov. Jambi,Kab. Tanjung Jabung Barat,,Jambi
69937935,SMA Negeri 53 Maluku Tengah,https://sekolah.data.kemdikbud.go.id/index.php/Chome/profil/03179222-4AF7-4B46-8E35-1FE7B8F9FAA1,Jln. Liahaha Desa Wakasihu Wakasihu Kec. Leihitu Barat Kab. Maluku Tengah Prov. Maluku,Kab. Maluku Tengah,,Maluku
20203740,SMA NEGERI  1 CIBEBER,https://sekolah.data.kemdikbud.go.id/index.php/Chome/profil/27FC6223-CD0D-44CF-9B61-1FE9A734D381,Jl. Raya Cibeber Km. 13 Cianjur Mayak Kec. Cibeber Kab. Cianjur Prov. Jawa Barat,Kab. Cianjur,,Jawa Barat
10105342,SMAS Inshafuddin Banda Aceh,https://sekolah.data.kemdikbud.go.id/index.php/Chome/profil/337A982B-88E8-4460-84A4-1FEA05E21A30,Jl. Taman Sri Ratu Safiatuddin No 3 Lambaro Skep Kec. Kuta Alam Kota Banda Aceh Prov. Aceh,,Kota Banda Aceh,Aceh
10806009,SMAS MA ARIF 3 SEKAMPUNG UDIK,https://sekolah.data.kemdikbud.go.id/index.php/Chome/profil/098581C7-CC45-456D-A212-1FEBF070CD88,JL. SUNAN AMPEL NO.08 Pugung Raharjo Kec. Sekampung Udik Kab. Lampung Timur Prov. Lampung,Kab. Lampung Timur,,Lampung
30201849,SMAN 1 KUMAI,https://sekolah.data.kemdikbud.go.id/index.php/Chome/profil/50660547-18A0-475D-B777-1FF46840306C,JL. PADAT KARYA NO. 1 Sungai Kapitan Kec. Kumai Kab. Kotawaringin Barat Prov. Kalimantan Tengah,Kab. Kotawaringin Barat,,Kalimantan Tengah
20509377,SMAS PANCA BHAKTI MAGETAN,https://sekolah.data.kemdikbud.go.id/index.php/Chome/profil/82696731-0611-4EDB-AB2C-1FF70ACCF5A0,JL. MERAPI NO. 19 MAGETAN Magetan Kec. Magetan Kab. Magetan Prov. Jawa Timur,Kab. Magetan,,Jawa Timur
10700672,SMA NEGERI 5 REJANG LEBONG,https://sekolah.data.kemdikbud.go.id/index.php/Chome/profil/2E21BDB0-F220-4EE1-BBD8-1FF9208B3C8A,JL. AIR BANG Air Merah Kec. Curup Tengah Kab. Rejang Lebong Prov. Bengkulu,Kab. Rejang Lebong,,Bengkulu
69816866,SMAN 2 BAYAH,https://sekolah.data.kemdikbud.go.id/index.php/Chome/profil/45CF11F5-AE21-483C-AE0E-1FFEBBDA1AF1,JL. RAYA CIHASEM BLOK CICAYUR KM 1.5 Sawarna Kec. Bayah Kab. Lebak Prov. Banten,Kab. Lebak,,Banten
50309597,SMA NEGERI 1 AMABI OEFETO,https://sekolah.data.kemdikbud.go.id/index.php/Chome/profil/95D827B6-D760-4448-B840-200A3C4A4F67,DESA FATUKANUTU Fatuknutu Kec. Amabi Oefeto Kab. Kupang Prov. Nusa Tenggara Timur,Kab. Kupang,,Nusa Tenggara Timur
20271152,SMAS IT AT-TAISIRIYAH,https://sekolah.data.kemdikbud.go.id/index.php/Chome/profil/1B525210-4676-4A9B-B83B-200F659AF1CF,Kp. Nenggeng RT 02 RW 09 Cijengkol Kec. Caringin Kab. Sukabumi Prov. Jawa Barat,Kab. Sukabumi,,Jawa Barat
10809292,SMAN 1 PENAWARTAMA,https://sekolah.data.kemdikbud.go.id/index.php/Chome/profil/3810D3B4-3350-45D5-97F8-201475CFDCF7,JL. Lintas Rawajitu 105  RT 01 RW 04 Boga Tama Kec. Penawartama Kab. Tulang Bawang Prov. Lampung,Kab. Tulang Bawang,,Lampung
11002257,SMAN 1 TOAPAYA,https://sekolah.data.kemdikbud.go.id/index.php/Chome/profil/77208D15-8AE3-44E1-982C-2017BF1E9ED6,JL. GESEK KM 25 KAWAL TOAPAYA ASRI Kec. Toapaya Kab. Bintan Prov. Kepulauan Riau,Kab. Bintan,,Kepulauan Riau
10108201,SMA NEGERI 2 GUNUNG MERIAH,https://sekolah.data.kemdikbud.go.id/index.php/Chome/profil/8C583AF5-3117-4F2E-8F8D-201E5E47BF61,JL. ANGGREK KEMUNING NO. 16 Bukit Harapan Kec. Gunung Mariah Kab. Aceh Singkil Prov. Aceh,Kab. Aceh Singkil,,Aceh
69987671,SMA INTEGRAL LUQMAN AL HAKIM,https://sekolah.data.kemdikbud.go.id/index.php/Chome/profil/83761BFA-63F1-41FC-B424-20238F1F1103,Jl. Perjuangan No.72 RT 06 Gunung Samarinda Kec. Balikpapan Utara Kota Balikpapan Prov. Kalimantan Timur,,Kota Balikpapan,Kalimantan Timur
69975241,SMA NEGERI KALONDAMA,https://sekolah.data.kemdikbud.go.id/index.php/Chome/profil/6919F64B-AED8-45FB-BDA4-202607FA3015,Jl. Beung Buk`ka No. 4 Kalondama Tengah Kec. Pantar Barat Laut Kab. Alor Prov. Nusa Tenggara Timur,Kab. Alor,,Nusa Tenggara Timur
10209427,SMAS SATRIA DHARMA,https://sekolah.data.kemdikbud.go.id/index.php/Chome/profil/FAA4995E-02EA-416D-95A7-202BE911721B,JL. AKASIA NO. 8 JAMBUR PULAU Jambur Pulau Kec. Perbaungan Kab. Serdang Bedagai Prov. Sumatera Utara,Kab. Serdang Bedagai,,Sumatera Utara
30405599,SMA NEGERI 1 TANJUNG PALAS TIMUR,https://sekolah.data.kemdikbud.go.id/index.php/Chome/profil/177EAEA1-0999-42DB-9354-202C583BB433,"JL. PENDIDIKAN, RT. 10 RW. 2 Tanah Kuning Kec. Tanjung Palas Timur Kab. Bulungan Prov. Kalimantan Utara",Kab. Bulungan,,Kalimantan Utara
40312581,SMAN 10 LUWU UTARA,https://sekolah.data.kemdikbud.go.id/index.php/Chome/profil/98AF3FC1-58DF-4203-B875-202ECFB9F2C9,"Jln. Jenderal Sudirman lr.1C Mulyorejo, ... Mulyorejo Kec. Sukamaju Kab. Luwu Utara Prov. Sulawesi Selatan",Kab. Luwu Utara,,Sulawesi Selatan
20100605,SMAS METHODIST JAKARTA,https://sekolah.data.kemdikbud.go.id/index.php/Chome/profil/68818E99-E32A-4981-9572-2037235DB051,JL. BANDENGAN UTARA NO. 91A Pejagalan Kec. Penjaringan Kota Adm. Jakarta Utara Prov. D.K.I. Jakarta,,Kota Adm. Jakarta Utara,D.K.I. Jakarta
20231299,SMAS INDOCEMENT,https://sekolah.data.kemdikbud.go.id/index.php/Chome/profil/F40FCDE8-FA1A-481F-967D-20458BD5B19C,JL. RAYA PUSPA NEGARA NO. 1 KEL. PUSPANE... Puspanegara Kec. Citeureup Kab. Bogor Prov. Jawa Barat,Kab. Bogor,,Jawa Barat
40307376,SMAN 19 MAKASSAR,https://sekolah.data.kemdikbud.go.id/index.php/Chome/profil/8B793DAA-1AFC-4541-9862-2049EFE98E39,JL. INSPEKSI PAM TIMUR NO. 19 Manggala Kec. Manggala Kota Makassar Prov. Sulawesi Selatan,,Kota Makassar,Sulawesi Selatan
70039886,SMAS AL IZZAH,https://sekolah.data.kemdikbud.go.id/index.php/Chome/profil/5407090C-8D6A-4DD2-8193-204A92E73407,Jln Lintas Halmahera Kusu Kec. Oba Utara Kota Tidore Kepulauan Prov. Maluku Utara,,Kota Tidore Kepulauan,Maluku Utara
50103724,SMA Negeri 2 Tejakula,https://sekolah.data.kemdikbud.go.id/index.php/Chome/profil/C664FD49-4CFB-465B-A1F5-204B24A76D72,JL. SGR - AMLAPURA Bondalem Kec. Tejakula Kab. Buleleng Prov. Bali,Kab. Buleleng,,Bali
69775683,SMAS IT AR RAIHAN,https://sekolah.data.kemdikbud.go.id/index.php/Chome/profil/5C759334-DA50-4BEA-8A1C-204B6D819BEA,JL. PURNAWIRAWAN No. 114 Gunung Terang Kec. Langkapura Kota Bandar Lampung Prov. Lampung,,Kota Bandar Lampung,Lampung
10495808,SMAS AL MUSLIMIN,https://sekolah.data.kemdikbud.go.id/index.php/Chome/profil/69422A06-8A87-4754-B89D-2050201C75C4,JL.M.BAKRI Balai Makam Kec. Mandau Kab. Bengkalis Prov. Riau,Kab. Bengkalis,,Riau
60403712,SMAS YPPK AGUSTINUS,https://sekolah.data.kemdikbud.go.id/index.php/Chome/profil/124F036B-AB80-4BA0-BF2B-205A756EDFF2,JL. RAJAWALI NO.43 Malaingkedi Kec. Malaimsimsa Kota Sorong Prov. Papua Barat Daya,,Kota Sorong,Papua Barat Daya
69880588,SMA NARWASTU INENU ALOM,https://sekolah.data.kemdikbud.go.id/index.php/Chome/profil/65F6A4AD-BAE5-49ED-9146-20659317E4EE,DESA BINIME Binime Kec. Kelila Kab. Mamberamo Tengah Prov. Papua Pegunungan,Kab. Mamberamo Tengah,,Papua Pegunungan
10505163,SMAS ARADAL HAQ,https://sekolah.data.kemdikbud.go.id/index.php/Chome/profil/6715C8FB-107F-4CCD-B194-206C41511289,JL. UTAMA PASAR PEMATANG LUMUT Pematang Lumut Kec. Betara Kab. Tanjung Jabung Barat Prov. Jambi,Kab. Tanjung Jabung Barat,,Jambi
70044915,SMA BERASRAMA DARUL HIKAM,https://sekolah.data.kemdikbud.go.id/index.php/Chome/profil/C7A41BCE-E2EE-42A2-8328-206FAC8D5AA4,Jl. Dago Giri No. 5 RT.02 RW.12 Pagerwangi Kec. Lembang Kab. Bandung Barat Prov. Jawa Barat,Kab. Bandung Barat,,Jawa Barat
10400838,SMA NEGERI 2 TEBING TINGGI,https://sekolah.data.kemdikbud.go.id/index.php/Chome/profil/62350693-D985-4AB9-B6F0-2075EF2611DD,Jl. Tutwuri Handayani Kelurahan Selatpan... Selatpanjang Timur Kec. Tebing Tinggi Kab. Kepulauan Meranti Prov. Riau,Kab. Kepulauan Meranti,,Riau
30401501,SMAS KARTIKA V-1,https://sekolah.data.kemdikbud.go.id/index.php/Chome/profil/1118E6C2-AFD3-479E-A1E7-207874E0D9FE,JL. TANJUNG PURA 1 BALIKPAPAN Klandasan Ulu Kec. Balikpapan Kota Kota Balikpapan Prov. Kalimantan Timur,,Kota Balikpapan,Kalimantan Timur
50204516,SMAN 4 MATARAM,https://sekolah.data.kemdikbud.go.id/index.php/Chome/profil/A768532B-8B2F-4E22-949B-2082BB3C130E,JL. RADEN MAS  PANJI ANOM Dasan Cermen Kec. Sandubaya Kota Mataram Prov. Nusa Tenggara Barat,,Kota Mataram,Nusa Tenggara Barat
20232369,SMAS MULIA BUANA,https://sekolah.data.kemdikbud.go.id/index.php/Chome/profil/F6C5DFFD-94F4-4539-BC14-20885D2943D5,JL. PESANTREN NO. 23 DESA KEBASIRAN Kabasiran Kec. Parungpanjang Kab. Bogor Prov. Jawa Barat,Kab. Bogor,,Jawa Barat
69889079,SMA NEGERI WEBRIAMATA,https://sekolah.data.kemdikbud.go.id/index.php/Chome/profil/F0EA8F45-BC87-4809-BC6A-208D82A14196,WEBRIAMATA Webriamata Kec. Wewiku Kab. Malaka Prov. Nusa Tenggara Timur,Kab. Malaka,,Nusa Tenggara Timur
69899008,SMA BUDI BAKTI 1,https://sekolah.data.kemdikbud.go.id/index.php/Chome/profil/E12F6E9E-2CCB-4D12-B2E4-20A1E87FF798,Kp.pasirjambu Desa Margasari Mekarsari Kec. Naringgul Kab. Cianjur Prov. Jawa Barat,Kab. Cianjur,,Jawa Barat
20536278,SMAS KATOLIK MATER DEI,https://sekolah.data.kemdikbud.go.id/index.php/Chome/profil/E0FBC964-6D78-4451-AC52-20A93C51A37A,JL.PANJAITAN NO. 62 B Sukabumi Kec. Mayangan Kota Probolinggo Prov. Jawa Timur,,Kota Probolinggo,Jawa Timur
30106125,SMAN 1 BELITANG HULU,https://sekolah.data.kemdikbud.go.id/index.php/Chome/profil/13D9E28F-4F6E-4C15-B876-20B29E19A225,JL. RAYA BALAI SEPUAK Balai Sepuak Kec. Belitang Hulu Kab. Sekadau Prov. Kalimantan Barat,Kab. Sekadau,,Kalimantan Barat
11002204,SMA YOS SUDARSO,https://sekolah.data.kemdikbud.go.id/index.php/Chome/profil/0B8B488E-E2A9-48EF-A9FD-20BD7DD89968,Jalan Dang Merdu No.2 Teluk Tering Kec. Batam Kota Kota Batam Prov. Kepulauan Riau,,Kota Batam,Kepulauan Riau
60103614,SMTK TEON NILA SERUA WAIPIA,https://sekolah.data.kemdikbud.go.id/index.php/Chome/profil/2D694A13-DB2B-4D62-9AF6-20C108BD88D0,JL. LINTAS SERAM Layeni Kec. Teon Nila Serua Kab. Maluku Tengah Prov. Maluku,Kab. Maluku Tengah,,Maluku
69915815,SMAN 2 TELUKJAMBE TIMUR,https://sekolah.data.kemdikbud.go.id/index.php/Chome/profil/6B596F76-FFE9-4197-B316-20C33A129F21,JL. Raya Perumnas Bumi Telukjambe Blok H Sukaluyu Kec. Teluk Jambe Timur Kab. Karawang Prov. Jawa Barat,Kab. Karawang,,Jawa Barat
10101192,SMA NEGERI 1 TANAH LUAS,https://sekolah.data.kemdikbud.go.id/index.php/Chome/profil/989A649F-D0AA-4889-8FE2-20C47182D000,JL.DESA AMPEH Ampeh Kec. Tanah Luas Kab. Aceh Utara Prov. Aceh,Kab. Aceh Utara,,Aceh
20202264,SMAN 1 JAMPANGTENGAH,https://sekolah.data.kemdikbud.go.id/index.php/Chome/profil/D89C443D-9B66-4C6E-9934-20C4744F787F,JL. Panumbangan KM. 2 Jampangtengah Cijulang Kec. Jampang Tengah Kab. Sukabumi Prov. Jawa Barat,Kab. Sukabumi,,Jawa Barat
69888990,SMA NEGERI IO KUFEU,https://sekolah.data.kemdikbud.go.id/index.php/Chome/profil/045571D7-CE0A-43EE-9BA5-20C510F028BB,Jl. Uis Mesak Liurai - Bakiliurai Tunabesi Kec. Io Kufeu Kab. Malaka Prov. Nusa Tenggara Timur,Kab. Malaka,,Nusa Tenggara Timur
20308440,SMA NEGERI 1 NOGOSARI,https://sekolah.data.kemdikbud.go.id/index.php/Chome/profil/E11A9A03-8EEC-42BE-B967-20C7A13865D5,"GLONGGONG, NOGOSARI, BOYOLALI Glonggong Kec. Nogosari Kab. Boyolali Prov. Jawa Tengah",Kab. Boyolali,,Jawa Tengah
50200382,SMAN 1 LEMBAR,https://sekolah.data.kemdikbud.go.id/index.php/Chome/profil/EE1EDDE6-F21C-407E-A404-20CE182B6D4C,JL. YOS SUDARSO LEMBAR JEMBATAN KEMBAR TIMUR Kec. Lembar Kab. Lombok Barat Prov. Nusa Tenggara Barat,Kab. Lombok Barat,,Nusa Tenggara Barat
70011699,SMAN KEBERBAKATAN OLAH RAGA PAPUA BARAT,https://sekolah.data.kemdikbud.go.id/index.php/Chome/profil/ADB5F9F9-DCB5-4022-B4F3-20D5F8F385F4,Jalan Inamberi Susweni Manokwari Sunsweni Kec. Manokwari Timur Kab. Manokwari Prov. Papua Barat,Kab. Manokwari,,Papua Barat
10493896,SMAN 1 PUJUD,https://sekolah.data.kemdikbud.go.id/index.php/Chome/profil/E25EB061-73A2-4CEC-A1DA-20D66B3B801B,JALAN JENDRAL SUDIRMAN NO. 9 PUJUD Pujud Kec. Pujud Kab.  Rokan Hilir Prov. Riau,Kab.  Rokan Hilir,,Riau
10110902,SMAN 2 SIMEULUE TENGAH,https://sekolah.data.kemdikbud.go.id/index.php/Chome/profil/FCC54B9A-1CFE-459F-AECC-20D93B115F9B,JL. TGK. DIUJUNG Dihit Kec. Simeulue Tengah Kab. Simeulue Prov. Aceh,Kab. Simeulue,,Aceh
40307355,SMAS SARIBUANA,https://sekolah.data.kemdikbud.go.id/index.php/Chome/profil/862B63B2-536C-4867-8C0A-20E0890F3D81,JL. PELITA RAYA NO. 2B Tamamaung Kec. Panakukkang Kota Makassar Prov. Sulawesi Selatan,,Kota Makassar,Sulawesi Selatan
70050283,SMA TEKNOLOGI KOTA SORONG,https://sekolah.data.kemdikbud.go.id/index.php/Chome/profil/F978C1E3-88A9-47A7-840F-20E9DD718BDA,JL. MANDIRI NO 1 Remu Selatan Kec. Sorong Manoi Kota Sorong Prov. Papua Barat Daya,,Kota Sorong,Papua Barat Daya
20104425,SMA KRISTEN IMMANUEL,https://sekolah.data.kemdikbud.go.id/index.php/Chome/profil/5AAE4D6E-6159-4334-A72B-20F00570FE87,JL. ALAMANAH RAYA N0 145  A JELAMBAR Wijaya Kesuma Kec. Grogol Petamburan Kota Adm. Jakarta Barat Prov. D.K.I. Jakarta,,Kota Adm. Jakarta Barat,D.K.I. Jakarta
69883617,SMA NEGERI SURUREY,https://sekolah.data.kemdikbud.go.id/index.php/Chome/profil/64122DC7-2C02-498A-BBCC-20F1BDAF2BFB,SURUREY Sururey Kec. Sururay Kab. Pegunungan Arfak Prov. Papua Barat,Kab. Pegunungan Arfak,,Papua Barat
69965485,SMA NEGERI 7 SOUG ODO CATUBOUW,https://sekolah.data.kemdikbud.go.id/index.php/Chome/profil/35F4AA89-81D9-4123-9E34-20F20896FC21,jalan serbou Kaungwam Kec. Catubouw Kab. Pegunungan Arfak Prov. Papua Barat,Kab. Pegunungan Arfak,,Papua Barat
69972507,SMA KRISTEN IPEKA PALEMBANG,https://sekolah.data.kemdikbud.go.id/index.php/Chome/profil/494EB349-49DB-42DF-9373-20F4516AB7CB,Jl. Residence Abdul Rozak Lr. Bakti LKMD Bukit Sangkal Kec. Kalidoni Kota Palembang Prov. Sumatera Selatan,,Kota Palembang,Sumatera Selatan
69816881,SMAN 1 CIHARA,https://sekolah.data.kemdikbud.go.id/index.php/Chome/profil/ECA468D4-88E4-4D26-9277-20F8F841E31B,"Jln. Raya Malingping - Bayah Km. 12, Cip... Cihara Kec. Cihara Kab. Lebak Prov. Banten",Kab. Lebak,,Banten
69992362,SMA CITA MULIA,https://sekolah.data.kemdikbud.go.id/index.php/Chome/profil/3B87305E-3E72-4FF4-9E03-20FF46E21579,Jln. Dr. Setiabudi Gg.Angsana 2 No.64E R... Pamulang Timur Kec. Pamulang Kota Tangerang Selatan Prov. Banten,,Kota Tangerang Selatan,Banten
69830518,SMAS TAMAN SISWA,https://sekolah.data.kemdikbud.go.id/index.php/Chome/profil/3A5F0C0B-DC33-4EAD-9F68-21021568DC77,BUKAMBERO KADU ETA Kec. Kodi Utara Kab. Sumba Barat Daya Prov. Nusa Tenggara Timur,Kab. Sumba Barat Daya,,Nusa Tenggara Timur
20551889,SMA PESANTREN AL-IN`AM,https://sekolah.data.kemdikbud.go.id/index.php/Chome/profil/8C42781E-F5E6-4D3B-A46D-210924D28F60,JL. RAYA GAPURA BANJAR TIMUR GAPURA SUME... Banjar Timur Kec. Gapura Kab. Sumenep Prov. Jawa Timur,Kab. Sumenep,,Jawa Timur
10806742,SMAS BERINGIN RATU/P RT,https://sekolah.data.kemdikbud.go.id/index.php/Chome/profil/D1B52CE4-CB7A-42B8-9FBB-210BBEB17153,KP.SERUPA INDAH Serupa Indah Kec. Pakuan Ratu Kab. Way Kanan Prov. Lampung,Kab. Way Kanan,,Lampung
20341009,SMAS NU 5 BRANGSONG,https://sekolah.data.kemdikbud.go.id/index.php/Chome/profil/311A5A05-038F-47A9-94DA-210D6EE497A0,JL. AHMAD YANI NO. 150 SIDOREJO Sidorejo Kec. Brangsong Kab. Kendal Prov. Jawa Tengah,Kab. Kendal,,Jawa Tengah
20224543,SMAS PLUS PESANTREN AMANAH MUHAMMDIYAH,https://sekolah.data.kemdikbud.go.id/index.php/Chome/profil/DF92B5E9-C6F8-47D8-992D-211233370566,JL. SAMBONGJAYA NO. 50 Sambongjaya Kec. Mangkubumi Kota Tasikmalaya Prov. Jawa Barat,,Kota Tasikmalaya,Jawa Barat
20209374,SMAS DARUSSALAM WANARAJA,https://sekolah.data.kemdikbud.go.id/index.php/Chome/profil/1134B937-F74D-40F4-8DCC-2116FA2CA259,JL. RAYA WANARAJA NO. 400 Wanaraja Kec. Wanaraja Kab. Garut Prov. Jawa Barat,Kab. Garut,,Jawa Barat
69965395,SMA BINA MAJU BANGSA,https://sekolah.data.kemdikbud.go.id/index.php/Chome/profil/A618E6BB-299F-40FB-B750-211FA840F2A9,Jalan Danau Bisma Blok C No.16 Papango Kec. Tanjung Priok Kota Adm. Jakarta Utara Prov. D.K.I. Jakarta,,Kota Adm. Jakarta Utara,D.K.I. Jakarta
40500451,SMAN 1 DUNGALIYO,https://sekolah.data.kemdikbud.go.id/index.php/Chome/profil/8659BACE-AF58-4820-9EED-2121BA80B82B,JL. RAJA BOBIHOE DUNGALIYO Kec. Dungaliyo Kab. Gorontalo Prov. Gorontalo,Kab. Gorontalo,,Gorontalo
10260072,SMAS KARTINI UTAMA,https://sekolah.data.kemdikbud.go.id/index.php/Chome/profil/A4861C1F-BC1A-4F4E-ACCB-212635DEE1F0,JL. TERATAI DUSUN III SEI RAMPAH Sei Rampah Kec. Sei Rampah Kab. Serdang Bedagai Prov. Sumatera Utara,Kab. Serdang Bedagai,,Sumatera Utara
69989225,SMA NEGERI 2 LOBALAIN,https://sekolah.data.kemdikbud.go.id/index.php/Chome/profil/28B5FD82-E56E-412D-A3B1-21276264DE84,"Jln. Tuabuna, kolobolon, lole Kolobolon Kec. Lobalain Kab. Rote Ndao Prov. Nusa Tenggara Timur",Kab. Rote Ndao,,Nusa Tenggara Timur
10211691,SMAS BUDI MULIA,https://sekolah.data.kemdikbud.go.id/index.php/Chome/profil/8972C9C5-6C30-47A7-9C6B-2130193EC06B,JL.. MELANTHON SIREGAR Pematang Marihat Kec. Siantar Marimbun Kota Pematangsiantar Prov. Sumatera Utara,,Kota Pematangsiantar,Sumatera Utara
10212099,SMAS MUHAMMADIYAH 15 SIBOLGA,https://sekolah.data.kemdikbud.go.id/index.php/Chome/profil/0C49C2DC-A2BC-435C-8478-213328E152BD,JL D E S BUNGARAN PANGGABEAN  NO 24 A SI... Aek Habil Kec. Sibolga Selatan Kota Sibolga Prov. Sumatera Utara,,Kota Sibolga,Sumatera Utara
69733775,SMAS INDONESIA MEMBANGUN TARUNA MARELAN,https://sekolah.data.kemdikbud.go.id/index.php/Chome/profil/19403A43-E9D4-4D30-A89D-2136A6B41CA8,JL. MARELAN I PASAR IV BARAT T E R J U N Kec. Medan Marelan Kota Medan Prov. Sumatera Utara,,Kota Medan,Sumatera Utara
40310150,SMAS KRISTEN MANGKUTANA,https://sekolah.data.kemdikbud.go.id/index.php/Chome/profil/7217CC15-C698-42DF-BCA9-21404835B9F6,JL TALINUYA Maleku Kec. Mangkutana Kab. Luwu Timur Prov. Sulawesi Selatan,Kab. Luwu Timur,,Sulawesi Selatan
30104454,SMAS SANTO BENEDIKTUS PAHAUMAN,https://sekolah.data.kemdikbud.go.id/index.php/Chome/profil/DBA32F0E-F064-407D-BBE6-21420908A50F,JL. RAYA PAHAUMAN Pahauman Kec. Sengah Temila Kab. Landak Prov. Kalimantan Barat,Kab. Landak,,Kalimantan Barat
70040322,SMA NEGERI 3 MINAS,https://sekolah.data.kemdikbud.go.id/index.php/Chome/profil/188FA662-ECB7-48D8-A693-2144AD6AB2EE,Jalan Tuah Sekato Mandi Angin Kec. Minas Kab. Siak Prov. Riau,Kab. Siak,,Riau
20238568,SMAN 1 SERANG BARU,https://sekolah.data.kemdikbud.go.id/index.php/Chome/profil/D073EFE7-86CD-48F4-AF67-2148261D0112,PERUMAHAN KOTA SERANG BARU (KSB) BLOK E Sukaragam Kec. Serang Baru Kab. Bekasi Prov. Jawa Barat,Kab. Bekasi,,Jawa Barat
69966104,SMA SWASTA KEBERBAKATAN OLAHRAGA SAN BERNARDINO,https://sekolah.data.kemdikbud.go.id/index.php/Chome/profil/C4B26D67-5217-4C16-9F83-214866823C1E,Lewoleba Lewoleba Kec. Nubatukan Kab. Lembata Prov. Nusa Tenggara Timur,Kab. Lembata,,Nusa Tenggara Timur
30404178,SMAS Gotong Royong Samarinda,https://sekolah.data.kemdikbud.go.id/index.php/Chome/profil/C7D78825-8740-4B2E-93D3-214BD9C0BDC1,Jl. Marsda Aburrahman Saleh Gg. 3 RT. 22 Sidomulyo Kec. Samarinda Ilir Kota Samarinda Prov. Kalimantan Timur,,Kota Samarinda,Kalimantan Timur
20338844,SMA PIUS BAKTI UTAMA,https://sekolah.data.kemdikbud.go.id/index.php/Chome/profil/876B2E51-145B-48A9-9A44-214F9EF8BEA4,JL. GAJAH MADA Bandungrejo Kec. Bayan Kab. Purworejo Prov. Jawa Tengah,Kab. Purworejo,,Jawa Tengah
10809701,SMAS TMI ROUDLATUL QUR`AN,https://sekolah.data.kemdikbud.go.id/index.php/Chome/profil/BE72E72D-5631-44E3-A996-21502C57306C,JL. MUKTI PRAJA Mulyojati Kec. Metro Barat Kota Metro Prov. Lampung,,Kota Metro,Lampung
10303691,SMAN 1 SAWAHLUNTO,https://sekolah.data.kemdikbud.go.id/index.php/Chome/profil/14E88014-53EC-4F60-8F43-215334EBD5D9,JL. JENDERAL SUDIRMAN KUBANG SIRAKUK SELATAN Kec. Lembah Segar Kota Sawahlunto Prov. Sumatera Barat,,Kota Sawahlunto,Sumatera Barat
10300827,SMAN 1 TIGO NAGARI,https://sekolah.data.kemdikbud.go.id/index.php/Chome/profil/9B1BB1A1-804B-40EA-8ADE-215BADD1A679,LINTAS PADANG SAWAH-KUMPULAN Nagari Ladang Panjang Kec.Tigo Nagari Kab. Pasaman Prov. Sumatera Barat,Kab. Pasaman,,Sumatera Barat
10110816,SMA TGK. CHIEK EUMPE AWEE,https://sekolah.data.kemdikbud.go.id/index.php/Chome/profil/14CBBEA3-0158-4B42-AF14-216791A427B5,"Komplek Pesantren Tgk. Chik Eumpe Awee, ... Atong Kec. Montasik Kab. Aceh Besar Prov. Aceh",Kab. Aceh Besar,,Aceh
69879194,SMA NEGERI KAMUNDAN,https://sekolah.data.kemdikbud.go.id/index.php/Chome/profil/522099CE-8B8C-4F24-826A-216D6A5C8241,Kampung Kalitami Distrik Kamundan Kalitami II Kec. Kamundan Kab. Teluk Bintuni Prov. Papua Barat,Kab. Teluk Bintuni,,Papua Barat
20217781,SMAN 1 TELAGASARI,https://sekolah.data.kemdikbud.go.id/index.php/Chome/profil/27F73E4D-727C-45C6-A9DB-21757ED4471E,JL. RAYA TELAGASARI TIMUR Talagamulya Kec. Telagasari Kab. Karawang Prov. Jawa Barat,Kab. Karawang,,Jawa Barat
10606617,SMAN 1 SEMENDAWAI SUKU III,https://sekolah.data.kemdikbud.go.id/index.php/Chome/profil/AD37FEE8-6B31-4520-8711-2175BAE4C6F8,DESA KARANG ENDAH Karang Endah Kec. Semendawai Suku III Kab. Ogan Komering Ulu Timur Prov. Sumatera Selatan,Kab. Ogan Komering Ulu Timur,,Sumatera Selatan
50301675,SMAS KRISTEN 2 KALABAHI,https://sekolah.data.kemdikbud.go.id/index.php/Chome/profil/121ECB24-BEAE-446C-A37F-21789C190B82,JL. AHMAD YANI NO. 4 Kalabahi Kota Kec. Teluk Mutiara Kab. Alor Prov. Nusa Tenggara Timur,Kab. Alor,,Nusa Tenggara Timur
20517814,SMAS ISLAM AL-HIKMAH BULULAWANG,https://sekolah.data.kemdikbud.go.id/index.php/Chome/profil/AE796254-DAD0-4346-BEA8-217DC954F0B1,JL. RAYA TANJUNGSARI NO. 150 Kuwolu Kec. Bululawang Kab. Malang Prov. Jawa Timur,Kab. Malang,,Jawa Timur
69979147,SMA IT ASSALAM ISLAMIC SCHOOL,https://sekolah.data.kemdikbud.go.id/index.php/Chome/profil/04FCF58B-2034-4938-AE0F-21837A19E2CF,Jln. Banda Aceh Medan Km. 192 Blang Mee Barat Kec. Jeunib Kab. Bireuen Prov. Aceh,Kab. Bireuen,,Aceh
70026924,SMA NEGERI RESTORASI PADANG ALANG,https://sekolah.data.kemdikbud.go.id/index.php/Chome/profil/B997182A-7618-45EE-AA6B-218A91F886CC,"Jln. Eltari, No.1 Padang Alang Kec. Alor Selatan Kab. Alor Prov. Nusa Tenggara Timur",Kab. Alor,,Nusa Tenggara Timur
10211390,SMAN 4 BINJAI,https://sekolah.data.kemdikbud.go.id/index.php/Chome/profil/37B70D8E-CB27-4587-946A-2191EEBCFA0D,JL. CUT NYAK DHIEN NO.134 BINJAI TANAH TINGGI Kec. Binjai Timur Kota Binjai Prov. Sumatera Utara,,Kota Binjai,Sumatera Utara
10800703,SMAN 1 PENENGAHAN,https://sekolah.data.kemdikbud.go.id/index.php/Chome/profil/0F2BF1F5-7B98-4B6E-ACCC-21951B1F3396,JL. RAYA KELATEN Klaten Kec. Penengahan Kab. Lampung Selatan Prov. Lampung,Kab. Lampung Selatan,,Lampung
50309015,SMAN 1 AESESA,https://sekolah.data.kemdikbud.go.id/index.php/Chome/profil/B3CD9D94-B5A6-4243-A689-2195E4E53E20,Jl.R.A.KARTINI-DANGA-KEC.AESESA-KAB.NAGE... Danga Kec. Aesesa Kab. Nagekeo Prov. Nusa Tenggara Timur,Kab. Nagekeo,,Nusa Tenggara Timur
10202661,SMA SWASTA AL WASLIYAH 2 SERBELAWAN,https://sekolah.data.kemdikbud.go.id/index.php/Chome/profil/D9D7A7A1-62E0-4C95-A117-21960ECABAAE,JL. RAJAMIN PURBA Serbelawan Kec. Dolok Batu Nanggar Kab. Simalungun Prov. Sumatera Utara,Kab. Simalungun,,Sumatera Utara
50303418,SMAS ST DON BOSCO,https://sekolah.data.kemdikbud.go.id/index.php/Chome/profil/130571C3-061E-45DC-9278-21970704F5A5,JL. SOEKARNO RUTENG Pau Kec. Langke Rembong Kab. Manggarai Prov. Nusa Tenggara Timur,Kab. Manggarai,,Nusa Tenggara Timur
10210928,SMAS PENCAWAN,https://sekolah.data.kemdikbud.go.id/index.php/Chome/profil/87FA5235-D323-40B0-BFF6-219918C75C8F,JL. BUNGA NCOLE NO. 50 Kemenangan Tani Kec. Medan Tuntungan Kota Medan Prov. Sumatera Utara,,Kota Medan,Sumatera Utara
10505105,SMAS MUHAMMADIYAH,https://sekolah.data.kemdikbud.go.id/index.php/Chome/profil/D9A7DC7D-C0F0-4ACB-A0C5-219D5F0F5CA0,JL. RANGKAYO HITAM KELURAHAN CADIKA Kec. Rimbo Tengah Kab. Bungo Prov. Jambi,Kab. Bungo,,Jambi
30407807,SMA NEGERI 1 TANJUNG PALAS TENGAH,https://sekolah.data.kemdikbud.go.id/index.php/Chome/profil/9FE6BBDA-982F-4BED-BCDA-219D6E5D05ED,"Jl. DATU IQRO, RT 08 Salim Batu Kec. Tanjung Palas Tengah Kab. Bulungan Prov. Kalimantan Utara",Kab. Bulungan,,Kalimantan Utara
11002182,SMAS AL-AZHAR,https://sekolah.data.kemdikbud.go.id/index.php/Chome/profil/897888AC-B918-4F02-9DA5-21A086B6839E,JL. GN. BROMO BALOI INDAH Kampung Pelita Kec. Lubuk Baja Kota Batam Prov. Kepulauan Riau,,Kota Batam,Kepulauan Riau
10703129,SMA NEGERI 7 MUKOMUKO,https://sekolah.data.kemdikbud.go.id/index.php/Chome/profil/592FEE96-606D-44BF-8EC4-21A41EB85BC8,JALAN JEND. AHMAD YANI Pasar Sebelah Kec. Kota Mukomuko Kab. Mukomuko Prov. Bengkulu,Kab. Mukomuko,,Bengkulu
10113241,SMA NEGERI 1 TADU RAYA,https://sekolah.data.kemdikbud.go.id/index.php/Chome/profil/4EFA8CED-134A-4F23-A72B-21A79C623ECF,Jl. Meulaboh Tapaktuan Desa Alue Gani Gunong Pungkie Kec. Tadu Raya Kab. Nagan Raya Prov. Aceh,Kab. Nagan Raya,,Aceh
69944155,SMA ISLAM TERPADU AN-NUR DUKUHDALEM,https://sekolah.data.kemdikbud.go.id/index.php/Chome/profil/B6E8AE4C-07F6-4151-91B7-21AC87AEE595,JL. DESA DUKUH DALEM BLOK DUKUH Dukuhdalem Kec. Ciawigebang Kab. Kuningan Prov. Jawa Barat,Kab. Kuningan,,Jawa Barat
60103903,SMA Negeri 18 Seram Bagian Barat,https://sekolah.data.kemdikbud.go.id/index.php/Chome/profil/2DCB3126-BD34-41B5-B5EF-21DC5EA5F86B,"Pulau Kelang, Negeri Tahalupu Tahalupu Kec. Huamual Belakang Kab. Seram Bagian Barat Prov. Maluku",Kab. Seram Bagian Barat,,Maluku
20400853,SMAS ISLAM 3 PAKEM,https://sekolah.data.kemdikbud.go.id/index.php/Chome/profil/D3AE39E0-D631-40AB-BD76-21DCDC21A695,"JL. PAKEM - TURI KM. 0,5 LABASAN PAKEM Pakem Binangun Kec. Pakem Kab. Sleman Prov. D.I. Yogyakarta",Kab. Sleman,,D.I. Yogyakarta
10494513,SMAN 2 PANGKALAN KERINCI,https://sekolah.data.kemdikbud.go.id/index.php/Chome/profil/0B2DF751-8B3F-4818-93F8-21E9D686DE47,JL. BATU AMPAR PKL. KERINCI Pangkalan Kerinci Barat Kec. Pangkalan Kerinci Kab.  Pelalawan Prov. Riau,Kab.  Pelalawan,,Riau
69892367,SMAN 4 SIOTAPINA,https://sekolah.data.kemdikbud.go.id/index.php/Chome/profil/2ADB8126-5A09-4988-9FBE-21EBA7329661,JALAN TANI NO.3 Manuru Kec. Siontapia Kab. Buton Prov. Sulawesi Tenggara,Kab. Buton,,Sulawesi Tenggara
69971073,SMAN 7 TANJUNGPINANG,https://sekolah.data.kemdikbud.go.id/index.php/Chome/profil/DAE0670F-42B2-49D3-9731-21F40D0F28FC,Jl. Kampung Sungai Carang KM 13 - Tg.Pin... Air Raja Kec. Tanjung Pinang Timur Kota Tanjung Pinang Prov. Kepulauan Riau,,Kota Tanjung Pinang,Kepulauan Riau
20220320,SMAS KRISTEN YPK SATU BAKTI,https://sekolah.data.kemdikbud.go.id/index.php/Chome/profil/5026A37C-A82A-445F-99A7-21FECD16A21B,JL. KARTINI NO.3 Ciwaringin Kec. Kota Bogor Tengah Kota Bogor Prov. Jawa Barat,,Kota Bogor,Jawa Barat
10258440,SMAN 1 LOTU,https://sekolah.data.kemdikbud.go.id/index.php/Chome/profil/FB8F9FCA-BB8E-4410-A115-220032493D8E,Jalan  Arah Nalua Lolofaoso Kec. Lotu Kab. Nias Utara Prov. Sumatera Utara,Kab. Nias Utara,,Sumatera Utara
30203611,SMAN 1 KAPUAS HILIR,https://sekolah.data.kemdikbud.go.id/index.php/Chome/profil/60DDCEB0-CB9F-45FF-9991-220723E5DBDA,Jln. Kapuas Seberang II Hampatung No.101 Hampatung Kec. Kapuas Hilir Kab. Kapuas Prov. Kalimantan Tengah,Kab. Kapuas,,Kalimantan Tengah
69841003,SMAS MUTIARA ISLAMI PLUS,https://sekolah.data.kemdikbud.go.id/index.php/Chome/profil/1A9F8386-6BA2-4517-8CB1-22097BE5DB6F,Kavling B Perum Kota Serang Baru Sukaragam Kec. Serang Baru Kab. Bekasi Prov. Jawa Barat,Kab. Bekasi,,Jawa Barat
70039999,SMA MUHAMMADIYAH BOARDING SCHOOL WANASARI,https://sekolah.data.kemdikbud.go.id/index.php/Chome/profil/C5FA9AE0-595E-47F7-BE2C-220C29F50E76,Jl. Raya PG. Banjaratma KM. 1 RT 14 RW 0... Klampok Kec. Wanasari Kab. Brebes Prov. Jawa Tengah,Kab. Brebes,,Jawa Tengah
10601462,SMAS PGRI 1 LAHAT,https://sekolah.data.kemdikbud.go.id/index.php/Chome/profil/A56580D6-AD89-451C-9EB7-22129E376BA6,JLN. KEMALA BANDAR AGUNG LAHAT Bandar Agung Kec. Lahat Kab. Lahat Prov. Sumatera Selatan,Kab. Lahat,,Sumatera Selatan
30404265,SMAS Ma arif Samarinda,https://sekolah.data.kemdikbud.go.id/index.php/Chome/profil/8B271246-12AA-44EA-88C7-221B69309C74,Jln. Raudah III Teluk Lerong Ilir Kec. Samarinda Ulu Kota Samarinda Prov. Kalimantan Timur,,Kota Samarinda,Kalimantan Timur
20613548,SMAN 20 KABUPATEN TANGERANG,https://sekolah.data.kemdikbud.go.id/index.php/Chome/profil/1AB6001A-476D-418A-9819-221E0C8BC5FB,JL. PAKUHAJI KM. 2 KAB. TANGERANG Buaran Bambu Kec. Pakuhaji Kab. Tangerang Prov. Banten,Kab. Tangerang,,Banten
60201661,SMA NEGERI 2 HALMAHERA SELATAN,https://sekolah.data.kemdikbud.go.id/index.php/Chome/profil/3BC134B0-F126-4BB2-B666-221F96375C2C,JL. SISWA NO.1 Guruapin Kec. Kayoa Kab. Halmahera Selatan Prov. Maluku Utara,Kab. Halmahera Selatan,,Maluku Utara
20102562,SMAN 97 JAKARTA,https://sekolah.data.kemdikbud.go.id/index.php/Chome/profil/46785641-7081-49D0-807D-22251402B0C9,JL. BRIGIF 2 CIGANJUR Ciganjur Kec. Jagakarsa Kota Adm. Jakarta Selatan Prov. D.K.I. Jakarta,,Kota Adm. Jakarta Selatan,D.K.I. Jakarta
69970543,SMA YULIN PRATAMA,https://sekolah.data.kemdikbud.go.id/index.php/Chome/profil/D61E613F-9715-497B-9B57-222C1A71E16B,Jl. Sutan Syahrir Gang Bambu Mata Air Mato Aie Kec. Padang Selatan Kota Padang Prov. Sumatera Barat,,Kota Padang,Sumatera Barat
10806775,SMA NEGERI 2 REBANG TANGKAS,https://sekolah.data.kemdikbud.go.id/index.php/Chome/profil/1728BBC1-C910-4BA2-ACAD-222D64BE1156,REBANG TANGKAS Air Ringkih Kec. Rebang Tangkas Kab. Way Kanan Prov. Lampung,Kab. Way Kanan,,Lampung
69770473,SMAS IT YAPIRA,https://sekolah.data.kemdikbud.go.id/index.php/Chome/profil/A30654A0-B185-4C91-BDD2-222F9F66427F,KP. MEDANG RT 01/08 Sukamulya Kec. Rumpin Kab. Bogor Prov. Jawa Barat,Kab. Bogor,,Jawa Barat
20606510,SMAS DAARUL MUQORROBIN,https://sekolah.data.kemdikbud.go.id/index.php/Chome/profil/7765EF63-22BA-4217-8936-222FE5548464,JL H. JALI RT 01/03 KUNCIRAN JAYA Kunciran Jaya Kec. Pinang Kota Tangerang Prov. Banten,,Kota Tangerang,Banten
40200250,SMAN 1 BULAGI,https://sekolah.data.kemdikbud.go.id/index.php/Chome/profil/579FF0F9-0F4C-4909-984B-223301ECF9BD,JL. Pramuka No. 02 Bulagi Bulagi Satu Kec. Bulagi Kab. Banggai Kepulauan Prov. Sulawesi Tengah,Kab. Banggai Kepulauan,,Sulawesi Tengah
20338918,SMA NEGERI 1 BOJONG,https://sekolah.data.kemdikbud.go.id/index.php/Chome/profil/5A6F6AB4-2AA2-4B6D-8C90-2233E0878346,Jl. Raya Wangandowo No. 116 Wangandowo Kec. Bojong Kab. Pekalongan Prov. Jawa Tengah,Kab. Pekalongan,,Jawa Tengah
10203553,SMAN 1 TIGALINGGA,https://sekolah.data.kemdikbud.go.id/index.php/Chome/profil/0A8E2EE7-C950-4D41-AD4F-22349ABA7547,JL. SM. RAJA DS. LAU BAGOT TIGALINGGA Lau Bagot Kec. Tigalingga Kab. Dairi Prov. Sumatera Utara,Kab. Dairi,,Sumatera Utara
20521710,SMAN 3 BONDOWOSO,https://sekolah.data.kemdikbud.go.id/index.php/Chome/profil/78B28A63-8C17-4156-A395-22352597C3F3,JL. SUPRIADI NO. 50 KADEMANGAN Kec. Bondowoso Kab. Bondowoso Prov. Jawa Timur,Kab. Bondowoso,,Jawa Timur
50204727,SMAS AL HIDAYAH,https://sekolah.data.kemdikbud.go.id/index.php/Chome/profil/E3B1B821-5A4B-41FF-9CEC-22391BE3D857,JL. SOEKARNO HATTA Monggonao Kec. Mpunda Kota Bima Prov. Nusa Tenggara Barat,,Kota Bima,Nusa Tenggara Barat
70024225,SMA Tahfidz Anharul Ulum,https://sekolah.data.kemdikbud.go.id/index.php/Chome/profil/2B8D4C73-8518-4B7C-BB57-223B693A13AC,Dusun Sukajadi Rt 003 Rw 008 Winduraja Kec. Kawali Kab. Ciamis Prov. Jawa Barat,Kab. Ciamis,,Jawa Barat
20525853,SMAN 1 GAMBIRAN,https://sekolah.data.kemdikbud.go.id/index.php/Chome/profil/D4A84A79-7F47-4475-9827-224241F432C3,JL.SRIWIJAYA NO.11 WRINGIN AGUNG Kec. Gambiran Kab. Banyuwangi Prov. Jawa Timur,Kab. Banyuwangi,,Jawa Timur
40307823,SMAS DATOK SULAIMAN,https://sekolah.data.kemdikbud.go.id/index.php/Chome/profil/0A2DD524-9781-46EB-8B3C-224483FC6F28,JL. DR. RATULANGI NO. 16 - PALOPO Balandai Kec. Bara Kota Palopo Prov. Sulawesi Selatan,,Kota Palopo,Sulawesi Selatan
70007506,SMA Terpadu Baitul Hikmah,https://sekolah.data.kemdikbud.go.id/index.php/Chome/profil/1BB4A0CB-316B-4F77-8A6B-224688BD30E3,Kp. Curug No. 90 Rt. 2 Rw. 2 Curug Kec. Bojongsari Kota Depok Prov. Jawa Barat,,Kota Depok,Jawa Barat
69947562,SMA ANAK NEGERI,https://sekolah.data.kemdikbud.go.id/index.php/Chome/profil/74044CB4-71A2-4606-9B8A-224796DFB344,Dusun Sanjan Desa Sungai Mawang Kecamata... Sei Mawang Kec. Kapuas Kab. Sanggau Prov. Kalimantan Barat,Kab. Sanggau,,Kalimantan Barat
70052118,SMA TARUNA NUSANTARA TERINTEGRASI KAMPUS MALANG,https://sekolah.data.kemdikbud.go.id/index.php/Chome/profil/5B0268D7-B835-4D83-8E5C-2247A11B3D44,JL. LAPANGAN TEMBAK Gampingan Kec. Pagak Kab. Malang Prov. Jawa Timur,Kab. Malang,,Jawa Timur
20411874,SMA ALI MAKSUM,https://sekolah.data.kemdikbud.go.id/index.php/Chome/profil/CF6D7C2F-982B-4D46-990C-224C600F438A,"JL. KH. ALI MAKSUM, KRAPYAK Panggungharjo Kec. Sewon Kab. Bantul Prov. D.I. Yogyakarta",Kab. Bantul,,D.I. Yogyakarta
10101876,SMA NEGERI 1 IDI RAYEUK,https://sekolah.data.kemdikbud.go.id/index.php/Chome/profil/391E4B89-EC94-44B8-BACE-224FC90A2FCD,JL. MEDAN - BANDA ACEH Tanoh Anou Kec. Idi Rayeuk Kab. Aceh Timur Prov. Aceh,Kab. Aceh Timur,,Aceh
20219244,SMAN 18 BANDUNG,https://sekolah.data.kemdikbud.go.id/index.php/Chome/profil/D6EE8BEA-D208-484B-B947-2252D4F73104,JL. MADESA  NO. 18 SITUGUNTING Kopo Kec. Bojong Loa Kaler Kota Bandung Prov. Jawa Barat,,Kota Bandung,Jawa Barat
50105446,SMAS HARAPAN MULIA DENPASAR,https://sekolah.data.kemdikbud.go.id/index.php/Chome/profil/DDBE80CE-6439-46AF-AA95-2253BCCA862D,JL. PURA DEMAK NO. 19 DENPASAR Pemecutan Klod Kec. Denpasar Barat Kota Denpasar Prov. Bali,,Kota Denpasar,Bali
69870672,SMA TERPADU BABUSSALAM,https://sekolah.data.kemdikbud.go.id/index.php/Chome/profil/7ACF95E7-DF3E-4A44-A7B1-2255BBFFF99D,Kp. CALINCING KIDUL Calingcing Kec. Sukahening Kab. Tasikmalaya Prov. Jawa Barat,Kab. Tasikmalaya,,Jawa Barat
10603340,SMAN 1 MARTAPURA,https://sekolah.data.kemdikbud.go.id/index.php/Chome/profil/1FA73EAC-A379-45EB-A4F0-226861DBF882,DESA KOTA BARU BARAT Kota Baru Barat Kec. Martapura Kab. Ogan Komering Ulu Timur Prov. Sumatera Selatan,Kab. Ogan Komering Ulu Timur,,Sumatera Selatan
20210741,SMAN 1 MANONJAYA,https://sekolah.data.kemdikbud.go.id/index.php/Chome/profil/52112298-5C1C-4E56-BE44-226A43133ED6,JL. PATROL KULON MANONJAYA Margaluyu Kec. Manonjaya Kab. Tasikmalaya Prov. Jawa Barat,Kab. Tasikmalaya,,Jawa Barat
70053727,SMA ISLAM  PLUS UMARIYAH,https://sekolah.data.kemdikbud.go.id/index.php/Chome/profil/14A926BE-1DDF-46E5-B16C-2271149D0E90,Jln. Raya Dusun Buntimba Bondir Kec. Praya Barat Kab. Lombok Tengah Prov. Nusa Tenggara Barat,Kab. Lombok Tengah,,Nusa Tenggara Barat
20539315,SMAS KARYA PEMBANGUNAN KWADUNGAN,https://sekolah.data.kemdikbud.go.id/index.php/Chome/profil/76E6DB2C-5865-4658-9506-227DA445486C,JL. RAYA KWADUNGAN Simo Kec. Kwadungan Kab. Ngawi Prov. Jawa Timur,Kab. Ngawi,,Jawa Timur
30106118,SMAS KARYA SEKADAU,https://sekolah.data.kemdikbud.go.id/index.php/Chome/profil/0DF2660C-DCE6-40F7-A68F-2280FD4DE55B,JL. RAWAK NO. 124/B Sungai Ringin Kec. Sekadau Hilir Kab. Sekadau Prov. Kalimantan Barat,Kab. Sekadau,,Kalimantan Barat
10645177,SMAN 1 ABAB,https://sekolah.data.kemdikbud.go.id/index.php/Chome/profil/D38B8517-B5DE-42FD-9DC0-2282CC0B70AE,JL. RAYA BETUNG KARANG AGUNG ABAB Betung KEC. ABAB Kab. Penukal Abab Lematang Ilir Prov. Sumatera Selatan,Kab. Penukal Abab Lematang Ilir,,Sumatera Selatan
10304887,SMA NEGERI AGAM CENDEKIA,https://sekolah.data.kemdikbud.go.id/index.php/Chome/profil/4D89614D-14D3-4A72-B3A4-22836B73BE70,JL.RAYA MUKO-MUKO KOTO MALINTANG Kec. Tanjung Raya Kab. Agam Prov. Sumatera Barat,Kab. Agam,,Sumatera Barat
30103480,SMAN 1 KETAPANG,https://sekolah.data.kemdikbud.go.id/index.php/Chome/profil/6742B199-78AC-47E5-AF95-2285A609A965,JL. BASUKI RAHMAT NO. 63 KETAPANG Kantor Kec. Delta Pawan Kab. Ketapang Prov. Kalimantan Barat,Kab. Ketapang,,Kalimantan Barat
40307217,SMAS ADVENT MAKASSAR,https://sekolah.data.kemdikbud.go.id/index.php/Chome/profil/924F5238-21F7-41EA-8553-2288AEC9719E,JL. H. I. A. SALEH NO. 1 Kec. Ujung Pand... Losari Kec. Ujung Pandang Kota Makassar Prov. Sulawesi Selatan,,Kota Makassar,Sulawesi Selatan
20279931,SMAS AL-IRSYAD SATYA,https://sekolah.data.kemdikbud.go.id/index.php/Chome/profil/5D83C0C7-D186-4650-B0E8-2289DC28DFD0,"Jl. Raya Parahyangan KM 2,7 Kota Baru Pa... Cipeundeuy Kec. Padalarang Kab. Bandung Barat Prov. Jawa Barat",Kab. Bandung Barat,,Jawa Barat
69944078,SMAN 1 CIREUNGHAS,https://sekolah.data.kemdikbud.go.id/index.php/Chome/profil/1C96BACD-5887-4B2D-95F3-22905AA99B08,Jl. Tugu Cilangla KM.12 Cireunghas Kec. Cireunghas Kab. Sukabumi Prov. Jawa Barat,Kab. Sukabumi,,Jawa Barat
10310733,SMAN 1 SIBERUT TENGAH,https://sekolah.data.kemdikbud.go.id/index.php/Chome/profil/444FB13F-DF24-4F46-AA8C-2291CE4AEA2A,SAIBI SAMUKOP Saibi Samukop Kec. Siberut Tengah Kab. Kepulauan Mentawai Prov. Sumatera Barat,Kab. Kepulauan Mentawai,,Sumatera Barat
60201146,SMAN 7 HALMAHERA TENGAH,https://sekolah.data.kemdikbud.go.id/index.php/Chome/profil/92F98B11-29F8-44CB-854C-229317FF408F,JL. Bokimoruru Sagea Kecamatan Weda Utar... Sagea Kec. Weda Utara Kab. Halmahera Tengah Prov. Maluku Utara,Kab. Halmahera Tengah,,Maluku Utara
50304774,SMAS ST IGNATIUS LOYOLA,https://sekolah.data.kemdikbud.go.id/index.php/Chome/profil/F7204B21-007F-4265-B17C-22AECB1AA520,"Jl. Van Bekkum, No. 01 Wae Kelambu Kec. Komodo Kab. Manggarai Barat Prov. Nusa Tenggara Timur",Kab. Manggarai Barat,,Nusa Tenggara Timur
60301897,SMA Setia Yaro,https://sekolah.data.kemdikbud.go.id/index.php/Chome/profil/A19A4F18-21FE-4F25-AFB2-22AF864072A0,Jl. Poros Jaya Mukti Jaya Mukti Kec. Yaro Kab. Nabire Prov. Papua Tengah,Kab. Nabire,,Papua Tengah
69935515,SMA KSATRIA NUSANTARA PADAHERANG,https://sekolah.data.kemdikbud.go.id/index.php/Chome/profil/B0E2FB8B-D60C-4B9F-A9CD-22B6B12FA5FB,DUSUN PATINGGEN 2 DESA KARANGPAWITAN KEC. PADAHERANG Kab. Pangandaran Prov. Jawa Barat,Kab. Pangandaran,,Jawa Barat
10211526,SMA SWASTA DIPANEGARA TEBING TINGGI,https://sekolah.data.kemdikbud.go.id/index.php/Chome/profil/817A7DB6-065B-4A98-BB82-22B7E4700F90,JL. KF. TANDEAN NO. 204 TEBING TINGGI Bulian Kec. Bajenis Kota Tebing Tinggi Prov. Sumatera Utara,,Kota Tebing Tinggi,Sumatera Utara
10263512,SMAN 6 PEMATANGSIANTAR,https://sekolah.data.kemdikbud.go.id/index.php/Chome/profil/3952830F-B9F4-4701-AC32-22BAD46D7535,JL. CADIKA NO.15 Bah Kapul Kec. Siantar Sitalasari Kota Pematangsiantar Prov. Sumatera Utara,,Kota Pematangsiantar,Sumatera Utara
10205381,SMAN 2 RANTAU SELATAN,https://sekolah.data.kemdikbud.go.id/index.php/Chome/profil/C20AA6F2-0995-47F1-9146-22C11D8FCBD6,JL. KANCIL SIGAMBAL Perdamean Kec. Rantau Selatan Kab. Labuhanbatu Prov. Sumatera Utara,Kab. Labuhanbatu,,Sumatera Utara
10303503,SMAN 6 PADANG,https://sekolah.data.kemdikbud.go.id/index.php/Chome/profil/3090CBC0-7BB9-42AB-B5B9-22C370BF0695,JL. SUTAN SYAHRIR NO. 11 PADANG Mato Aie Kec. Padang Selatan Kota Padang Prov. Sumatera Barat,,Kota Padang,Sumatera Barat
69774910,UPTD SMAN 2 TOMMO,https://sekolah.data.kemdikbud.go.id/index.php/Chome/profil/52B18FCD-4CB4-43E8-95F6-22C4B23267EB,Desa Kakullasan Tommo Kakullasan Kec. Tommo Kab. Mamuju Prov. Sulawesi Barat,Kab. Mamuju,,Sulawesi Barat
69786422,SMAN ONGKA MALINO,https://sekolah.data.kemdikbud.go.id/index.php/Chome/profil/1AFB4768-215C-41FC-9099-22CE2D6D2072,JL. TRANS SULAWESI Ongka Kec. Ongka Malino Kab. Parigi Moutong Prov. Sulawesi Tengah,Kab. Parigi Moutong,,Sulawesi Tengah
20542492,SMAS ISLAM WATULIMO,https://sekolah.data.kemdikbud.go.id/index.php/Chome/profil/EBE682AB-AC0D-4C4F-93EE-22CE6EC8FA46,JL. Pantai Prigi Gg. Masjid Jami Slawe Kec. Watulimo Kab. Trenggalek Prov. Jawa Timur,Kab. Trenggalek,,Jawa Timur
69904549,SMAN 1 CIBUAYA,https://sekolah.data.kemdikbud.go.id/index.php/Chome/profil/4C417884-DB7D-4EC3-BDAD-22CEAE307A05,Jln. Kedungjaya Desa Kedungjaya No.1 Kec... Kedungjaya Kec. Cibuaya Kab. Karawang Prov. Jawa Barat,Kab. Karawang,,Jawa Barat
40314365,SMAN 7 SINJAI,https://sekolah.data.kemdikbud.go.id/index.php/Chome/profil/8564CFAE-550D-47D4-9D81-22E811A97C89,"JL. PELITA NO. 5, TALLE Kanrung Kec. Sinjai Tengah Kab. Sinjai Prov. Sulawesi Selatan",Kab. Sinjai,,Sulawesi Selatan
30102994,SMAN 1 SEBERUANG,https://sekolah.data.kemdikbud.go.id/index.php/Chome/profil/4839E369-AD34-441E-8BAB-22EB86AB26B3,JL. CHRISTIANUS PALIL NO. 144 TAJAU MADA TAJAU MADA Kec. Seberuang Kab. Kapuas Hulu Prov. Kalimantan Barat,Kab. Kapuas Hulu,,Kalimantan Barat
70026487,SMA MANBA UL ULUM BOARDING SCHOOL,https://sekolah.data.kemdikbud.go.id/index.php/Chome/profil/197C510F-6BF7-47C9-BB9E-22EBAF1A7BAA,JL. Swadaya No 41 RT.002 RW.013 Jurang Manggu Barat Kec. Pondok Aren Kota Tangerang Selatan Prov. Banten,,Kota Tangerang Selatan,Banten
20109467,SMAS KRISTEN IPEKA PURI INDAH,https://sekolah.data.kemdikbud.go.id/index.php/Chome/profil/7FEA63B9-263C-436E-B939-22F0A1F94744,JL. PURI INDAH BLOK I Kembangan Selatan Kec. Kembangan Kota Adm. Jakarta Barat Prov. D.K.I. Jakarta,,Kota Adm. Jakarta Barat,D.K.I. Jakarta
20219757,SMAS AL HADI,https://sekolah.data.kemdikbud.go.id/index.php/Chome/profil/FBAAD086-56DA-45B4-9D1B-22F65F4517C7,JL. A.H. Nasution No. 25 Karang Pamulang Kec. Mandalajati Kota Bandung Prov. Jawa Barat,,Kota Bandung,Jawa Barat
30400223,SMA NEGERI 2 TENGGARONG,https://sekolah.data.kemdikbud.go.id/index.php/Chome/profil/3D8146D5-124E-4D92-A275-22F776A956F4,JL. PESUT RT VII NO.112 Timbau Kec. Tenggarong Kab. Kutai Kartanegara Prov. Kalimantan Timur,Kab. Kutai Kartanegara,,Kalimantan Timur
70013742,SMAS UNGGULAN NURUL HASAN SONGA,https://sekolah.data.kemdikbud.go.id/index.php/Chome/profil/D4A2635F-FF25-4095-9B83-22FA501CF505,Desa Songa Songa Kec. Bacan Timur Tengah Kab. Halmahera Selatan Prov. Maluku Utara,Kab. Halmahera Selatan,,Maluku Utara
69971361,SMAN 1 MANTOH,https://sekolah.data.kemdikbud.go.id/index.php/Chome/profil/F8FAEA1E-44A3-46D2-BDF9-22FCD73E6E32,Desa Sulubombong Sulubombong Kec. Mantoh Kab. Banggai Prov. Sulawesi Tengah,Kab. Banggai,,Sulawesi Tengah
69755774,SMAS ISLAM RAUDLATUL ULUM BATU JANGKIH,https://sekolah.data.kemdikbud.go.id/index.php/Chome/profil/DBD3CD58-51AC-47DC-83BE-22FE6A4B8DC7,DESA BATU JANGKIH Batu Jangkih Kec. Praya Barat Daya Kab. Lombok Tengah Prov. Nusa Tenggara Barat,Kab. Lombok Tengah,,Nusa Tenggara Barat
69831515,SMA SWASTA USWATUN BAHARI,https://sekolah.data.kemdikbud.go.id/index.php/Chome/profil/B14BB1E2-9D7E-450A-BE74-22FFD9D40E9B,JL. BAHARI I Lagasa Kec. Duruka Kab. Muna Prov. Sulawesi Tenggara,Kab. Muna,,Sulawesi Tenggara
70049323,SMAN 2 Dondo,https://sekolah.data.kemdikbud.go.id/index.php/Chome/profil/30F9A9B7-8EB1-4838-A5C6-23009DA185A9,Jln. Pasar Lama No. 3 Salumbia Kec. Dondo Kab. Tolitoli Prov. Sulawesi Tengah,Kab. Tolitoli,,Sulawesi Tengah
70045164,SMA BINA PERSADA,https://sekolah.data.kemdikbud.go.id/index.php/Chome/profil/FEDA4B00-C289-4803-8707-230472BDB86E,Jl. Gelap Nyawang Kav. 5 A Komplek Kota ... Padalarang Kec. Padalarang Kab. Bandung Barat Prov. Jawa Barat,Kab. Bandung Barat,,Jawa Barat
20314892,SMAS MUHAMMADIYAH KEDUNGTUBAN,https://sekolah.data.kemdikbud.go.id/index.php/Chome/profil/7055A3D9-FD5D-430F-8668-2305CF6D6F1C,JL.RAYA CEPU RANDUBLATUNG KM. 11 Ngraho Kec. Kedungtuban Kab. Blora Prov. Jawa Tengah,Kab. Blora,,Jawa Tengah
20402795,SMA NEGERI 1 TEMON,https://sekolah.data.kemdikbud.go.id/index.php/Chome/profil/6D591990-76F5-438A-AFA1-230A58E93798,Jln.Jogja-Purworejo Km. 40 Kebonrejo Tem... Kebonrejo Kec. Temon Kab. Kulon Progo Prov. D.I. Yogyakarta,Kab. Kulon Progo,,D.I. Yogyakarta
10502794,SMAN 3 MUARO JAMBI,https://sekolah.data.kemdikbud.go.id/index.php/Chome/profil/63975CDA-F7CD-4B6A-B052-230AC800F119,JLN. JAMBI TEMPINO Naga Sari Kec. Mestong Kab.  Muaro Jambi Prov. Jambi,Kab.  Muaro Jambi,,Jambi
10104862,SMA NEGERI 2 ACEH BARAT DAYA,https://sekolah.data.kemdikbud.go.id/index.php/Chome/profil/E976574E-2832-4A5E-8935-230B4DE3AE25,JL. TR. ISKANDAR NO. 2 Seunelop Kec. Manggeng Kab. Aceh Barat Daya Prov. Aceh,Kab. Aceh Barat Daya,,Aceh
69775663,SMA Negeri 44 Maluku Tengah,https://sekolah.data.kemdikbud.go.id/index.php/Chome/profil/241BBA9C-6DE7-40EE-B77A-231A08056441,JLN. LOUWRISSA 02 YAINUELO Kec. Amahai Kab. Maluku Tengah Prov. Maluku,Kab. Maluku Tengah,,Maluku
10494084,SMAN 1 PELALAWAN,https://sekolah.data.kemdikbud.go.id/index.php/Chome/profil/8DAD0AC0-4115-4B01-AD51-231B5AC9FA02,"JL. ISTANA SAYAP, KEL. PELALAWAN Pelalawan Kec. Pelalawan Kab.  Pelalawan Prov. Riau",Kab.  Pelalawan,,Riau
20605336,SMAS AGRO TAKTAKAN,https://sekolah.data.kemdikbud.go.id/index.php/Chome/profil/D8819930-651C-444B-BC41-2325A5BAE5D3,JL. RAYA GUNUNGSARI KM 7 TAKTAKAN SERANG Taktakan Kec. Taktakan Kota Serang Prov. Banten,,Kota Serang,Banten
69943870,SMA ISLAM DARUNNADWAH,https://sekolah.data.kemdikbud.go.id/index.php/Chome/profil/141F5517-41D3-4449-A6BE-232B0FF689F2,Jl. Pejuang Kp. Rawa kuda Desa Karanghar... Karangasih Kec. Cikarang Utara Kab. Bekasi Prov. Jawa Barat,Kab. Bekasi,,Jawa Barat
70049536,SMA - IT DAARUL MUSTHOFA,https://sekolah.data.kemdikbud.go.id/index.php/Chome/profil/6AD41573-DE13-4A3D-9BFC-232C6C6E35A5,Jl. Tawakal Hasanah Dusun Susupan RT.001... Pengalihan Kec. Keritang Kab. Indragiri Hilir Prov. Riau,Kab. Indragiri Hilir,,Riau
20210762,SMAS NURUL AMANAH SALAWU,https://sekolah.data.kemdikbud.go.id/index.php/Chome/profil/90A7205D-0085-4356-8C4A-232CF397D678,Jl. Raya Tasik Garut Km.31 Rancak Neglasari Kec. Salawu Kab. Tasikmalaya Prov. Jawa Barat,Kab. Tasikmalaya,,Jawa Barat
